k,S_mean,S_std,S_sem,count,Ls,FNS_eta0_fit_kmax1p0,ratio_S_to_FNS
6.9420045908724470e-02,4.7360164874834276e-01,0.0000000000000000e+00,0.0000000000000000e+00,1,128,4.4752018239928015e-01,1.0582799779201748e+00
1.3884009181744894e-01,4.3566796623741449e-01,1.0588176601156570e-02,7.4869714750785410e-03,2,64;128,4.2378028049966399e-01,1.0280515311465983e+00
2.0826013772617341e-01,4.1113036401107927e-01,0.0000000000000000e+00,0.0000000000000000e+00,1,128,4.0925544358214327e-01,1.0045812962499048e+00
2.7768018363489788e-01,4.0612067192620888e-01,4.4814301306081725e-03,2.5873548922611283e-03,3,32;64;128,3.9862907398490494e-01,1.0187934057754844e+00
3.4710022954362235e-01,3.9032673046377631e-01,0.0000000000000000e+00,0.0000000000000000e+00,1,128,3.9018737649243562e-01,1.0003571462833918e+00
4.1652027545234682e-01,3.8948332217540271e-01,3.4409021355735155e-03,2.4330852334633057e-03,2,64;128,3.8315196800656759e-01,1.0165243942286801e+00
4.8594032136107129e-01,3.8350857847963338e-01,0.0000000000000000e+00,0.0000000000000000e+00,1,128,3.7710122657670114e-01,1.0169910661948722e+00
5.5536036726979576e-01,3.6965524182079940e-01,1.6163495721134716e-03,9.3319986056424932e-04,3,32;64;128,3.7178024572555185e-01,9.9428424740371724e-01
6.2478041317852018e-01,3.6436682025230060e-01,0.0000000000000000e+00,0.0000000000000000e+00,1,128,3.6702278205657585e-01,9.9276349607129888e-01
6.9420045908724470e-01,3.5921251263471565e-01,1.0628089952067520e-03,7.5151944761675516e-04,2,64;128,3.6271421430616502e-01,9.9034583831199519e-01
7.6362050499596923e-01,3.5420391446461641e-01,0.0000000000000000e+00,0.0000000000000000e+00,1,128,3.5877206913193083e-01,9.8726725110355629e-01
8.3304055090469353e-01,3.4324988951460811e-01,4.7423392946725849e-03,2.7379908683677571e-03,3,32;64;128,3.5513496458810517e-01,9.6653363859207253e-01
9.0246059681341806e-01,3.3777156434187905e-01,0.0000000000000000e+00,0.0000000000000000e+00,1,128,3.5175594446059177e-01,9.6024408303843334e-01
9.7188064272214258e-01,3.3639126268394193e-01,9.4576077311460220e-03,6.6875385604956697e-03,2,64;128,3.4859826099873392e-01,9.6498261844502908e-01
1.0413006886308671e+00,3.3834127515457024e-01,0.0000000000000000e+00,0.0000000000000000e+00,1,128,3.4563259860866946e-01,9.7890441039574927e-01
1.1107207345395915e+00,3.2934929573767058e-01,3.1925550836475062e-03,1.8432225369465960e-03,3,32;64;128,3.4283518430499610e-01,9.6066363901749341e-01
1.1801407804483159e+00,3.2143372845534846e-01,0.0000000000000000e+00,0.0000000000000000e+00,1,128,3.4018646475623882e-01,9.4487512513371841e-01
1.2495608263570404e+00,3.2622966959398259e-01,3.9922633086327984e-03,2.8229564578164941e-03,2,64;128,3.3767015715671067e-01,9.6611934066350247e-01
1.3189808722657650e+00,3.1781068273408675e-01,0.0000000000000000e+00,0.0000000000000000e+00,1,128,3.3527255367597752e-01,9.4791738616705645e-01
1.3884009181744894e+00,3.1231923058410677e-01,2.8298676889783234e-03,1.6338248720026592e-03,3,32;64;128,3.3298200213439094e-01,9.3794628112679579e-01
1.4578209640832138e+00,3.1224221898423443e-01,0.0000000000000000e+00,0.0000000000000000e+00,1,128,3.3078851179051605e-01,9.4393308066869408e-01
1.5272410099919385e+00,3.1044119770540440e-01,1.5074251600138279e-03,1.0659105527769941e-03,2,64;128,3.2868344965163043e-01,9.4449902492638171e-01
1.5966610559006629e+00,3.1197180325286500e-01,0.0000000000000000e+00,0.0000000000000000e+00,1,128,3.2665930340067684e-01,9.5503725136584794e-01
1.6660811018093871e+00,3.0486967099419343e-01,1.5576530796837021e-03,8.9931142485943504e-04,3,32;64;128,3.2470949410000877e-01,9.3889977513344658e-01
1.7355011477181117e+00,3.0168287848357173e-01,0.0000000000000000e+00,0.0000000000000000e+00,1,128,3.2282822660575150e-01,9.3449969246957088e-01
1.8049211936268361e+00,2.9869320941466815e-01,1.0025676818540464e-02,7.0892240643747328e-03,2,64;128,3.2101036891205215e-01,9.3047838431817675e-01
1.8743412395355608e+00,2.8722745113482706e-01,0.0000000000000000e+00,0.0000000000000000e+00,1,128,3.1925135394463194e-01,8.9969062804551547e-01
1.9437612854442852e+00,2.9168143451607409e-01,3.0077119129289596e-03,1.7365032825743792e-03,3,32;64;128,3.1754709895861166e-01,9.1854542356909130e-01
2.0131813313530098e+00,2.9457593299990825e-01,0.0000000000000000e+00,0.0000000000000000e+00,1,128,3.1589393887523176e-01,9.3251530576614372e-01
2.0826013772617342e+00,2.8866813688811888e-01,8.4050091280328497e-03,5.9432389503668581e-03,2,64;128,3.1428857075412481e-01,9.1848117860432987e-01
2.1520214231704586e+00,2.8914661520891571e-01,0.0000000000000000e+00,0.0000000000000000e+00,1,128,3.1272800723537786e-01,9.2459456306798460e-01
2.2214414690791831e+00,2.8730490030060779e-01,3.0402155830454745e-03,1.7552692852657998e-03,3,32;64;128,3.1120953726248424e-01,9.2318796791335322e-01
2.2908615149879075e+00,2.8599088987778776e-01,0.0000000000000000e+00,0.0000000000000000e+00,1,128,3.0973069275765813e-01,9.2335340528087395e-01
2.3602815608966319e+00,2.8304060174063728e-01,8.4068655629589064e-03,5.9445516480919050e-03,2,64;128,3.0828922019596566e-01,9.1810087151513453e-01
2.4297016068053563e+00,2.8919124693156911e-01,0.0000000000000000e+00,0.0000000000000000e+00,1,128,3.0688305623643874e-01,9.4234999637373618e-01
2.4991216527140807e+00,2.7971181909275095e-01,4.1033974137312844e-03,2.3690976014097715e-03,3,32;64;128,3.0551030673272972e-01,9.1555608085409657e-01
2.5685416986228056e+00,2.8334449126399675e-01,0.0000000000000000e+00,0.0000000000000000e+00,1,128,3.0416922857450673e-01,9.3153568686712518e-01
2.6379617445315300e+00,2.8240656873941633e-01,6.6172622941741343e-03,4.6791110411005810e-03,2,64;128,3.0285821391222023e-01,9.3247122173568797e-01
2.7073817904402544e+00,2.7858464931280291e-01,0.0000000000000000e+00,0.0000000000000000e+00,1,128,3.0157577639839511e-01,9.2376334943022775e-01
2.7768018363489788e+00,2.7766182281206120e-01,7.5038373074248401e-03,4.3323424893968879e-03,3,32;64;128,3.0032053914295714e-01,9.2455155949187329e-01
2.8462218822577032e+00,2.8084248939996603e-01,0.0000000000000000e+00,0.0000000000000000e+00,1,128,2.9909122413185146e-01,9.3898605756536457e-01
2.9156419281664276e+00,2.7837921211882555e-01,6.0807526005238702e-03,4.2997413985481616e-03,2,64;128,2.9788664290006911e-01,9.3451391243551785e-01
2.9850619740751521e+00,2.7686238989747824e-01,0.0000000000000000e+00,0.0000000000000000e+00,1,128,2.9670568828424515e-01,9.3312127414369972e-01
3.0544820199838774e+00,2.7473888254418322e-01,5.0472779150874964e-03,2.9140472629506195e-03,3,32;64;128,2.9554732710783355e-01,9.2959352815916974e-01
3.1239020658926013e+00,2.7524252090471135e-01,0.0000000000000000e+00,0.0000000000000000e+00,1,128,2.9441059367474109e-01,9.3489339995962839e-01
3.1933221118013257e+00,2.7237624542196670e-01,2.8635508735486239e-03,2.0248362409588938e-03,2,64;128,2.9329458396619662e-01,9.2867806059916591e-01
3.2627421577100502e+00,2.7662347891151096e-01,0.0000000000000000e+00,0.0000000000000000e+00,1,128,2.9219845045130233e-01,9.4669728222125837e-01
3.3321622036187741e+00,2.7442471022197718e-01,3.1218526958398233e-03,1.8024024943134810e-03,3,32;64;128,2.9112139743476867e-01,9.4264699414087993e-01
3.4015822495274990e+00,2.8211843158875816e-01,0.0000000000000000e+00,0.0000000000000000e+00,1,128,2.9006267687625720e-01,9.7261197002988387e-01
3.4710022954362234e+00,2.7476535528163937e-01,9.1253058793694091e-03,6.4525656677035803e-03,2,64;128,2.8902158462492616e-01,9.5067417071362459e-01
3.5404223413449478e+00,2.6839548957061649e-01,0.0000000000000000e+00,0.0000000000000000e+00,1,128,2.8799745702050839e-01,9.3193701203932489e-01
3.6098423872536727e+00,2.6770063490813306e-01,4.4338577244860313e-03,2.5598889507805118e-03,3,32;64;128,2.8698966781879226e-01,9.3278840643545935e-01
3.6792624331623971e+00,2.7629005368933701e-01,0.0000000000000000e+00,0.0000000000000000e+00,1,128,2.8599762540493223e-01,9.6605715973392903e-01
3.7486824790711215e+00,2.7395542078525592e-01,1.0702347349112228e-03,7.5677023851711267e-04,2,64;128,2.8502077026274697e-01,9.6117704170369611e-01
3.8181025249798459e+00,2.7337061394872619e-01,0.0000000000000000e+00,0.0000000000000000e+00,1,128,2.8405857267220730e-01,9.6237410255590283e-01
3.8875225708885703e+00,2.7465355719205214e-01,3.4147924115194364e-03,1.9715313180174382e-03,3,32;64;128,2.8311053061078323e-01,9.7012836858987195e-01
3.9569426167972948e+00,2.7345987739403266e-01,0.0000000000000000e+00,0.0000000000000000e+00,1,128,2.8217616783729832e-01,9.6911046560001679e-01
4.0263626627060196e+00,2.7780556321295902e-01,6.1810000865345389e-03,4.3706270757032095e-03,2,64;128,2.8125503213951136e-01,9.8773544103260236e-01
4.0957827086147436e+00,2.7854789377650019e-01,0.0000000000000000e+00,0.0000000000000000e+00,1,128,2.8034669372886523e-01,9.9358365911707625e-01
4.1652027545234684e+00,2.7846913191299438e-01,2.5148181183206339e-03,1.4519309175753663e-03,3,32;64;128,2.7945074376776929e-01,9.9648735286390699e-01
4.2346228004321924e+00,2.8471494768899558e-01,0.0000000000000000e+00,0.0000000000000000e+00,1,128,2.7856679301645615e-01,1.0220706660903989e+00
4.3040428463409173e+00,2.8114375352787524e-01,4.3691195986361965e-03,3.0894340960107010e-03,2,64;128,2.7769447058790975e-01,1.0124211437579689e+00
4.3734628922496412e+00,2.7520051457750838e-01,0.0000000000000000e+00,0.0000000000000000e+00,1,128,2.7683342280063705e-01,9.9410147731943255e-01
4.4428829381583661e+00,2.8340356266162597e-01,5.1522874006153189e-03,2.9746745176875717e-03,3,32;64;128,2.7598331212016869e-01,1.0268865913828382e+00
4.5123029840670910e+00,2.7441289594245133e-01,0.0000000000000000e+00,0.0000000000000000e+00,1,128,2.7514381618115213e-01,9.9734349748852946e-01
4.5817230299758149e+00,2.8532469578230224e-01,1.0479575157978107e-03,7.4101786581604035e-04,2,64;128,2.7431462688275987e-01,1.0401366453719874e+00
4.6511430758845398e+00,2.8427388125336372e-01,0.0000000000000000e+00,0.0000000000000000e+00,1,128,2.7349544955089233e-01,1.0394099123775942e+00
4.7205631217932638e+00,2.8508337818383900e-01,4.7639618676807473e-03,2.7504746667145921e-03,3,32;64;128,2.7268600216132383e-01,1.0454639252629505e+00
4.7899831677019886e+00,2.8547893776500088e-01,0.0000000000000000e+00,0.0000000000000000e+00,1,128,2.7188601461852968e-01,1.0499949332279661e+00
4.8594032136107126e+00,2.8572506858845614e-01,1.2902222736573736e-04,9.1232491894105427e-05,2,64;128,2.7109522808545733e-01,1.0539656880215797e+00
4.9288232595194374e+00,2.9386707622835684e-01,0.0000000000000000e+00,0.0000000000000000e+00,1,128,2.7031339435996848e-01,1.0871347197727930e+00
4.9982433054281614e+00,2.9031316592061684e-01,9.6783205034944014e-03,5.5877809479959670e-03,3,32;64;128,2.6954027529409313e-01,1.0770678541596745e+00
5.0676633513368863e+00,2.9745861720421640e-01,0.0000000000000000e+00,0.0000000000000000e+00,1,128,2.6877564225260303e-01,1.1067171664486481e+00
5.1370833972456111e+00,2.8955026975938258e-01,4.4090329495484037e-04,3.1176570971006012e-04,2,64;128,2.6801927560774325e-01,1.0803337524990211e+00
5.2065034431543351e+00,2.8740860342089036e-01,0.0000000000000000e+00,0.0000000000000000e+00,1,128,2.6727096426725133e-01,1.0753454053972840e+00
5.2759234890630600e+00,2.9165386786384701e-01,5.6495586637053015e-03,3.2617742152928385e-03,3,32;64;128,2.6653050523305782e-01,1.0942607399060043e+00
5.3453435349717839e+00,2.9523490725790580e-01,0.0000000000000000e+00,0.0000000000000000e+00,1,128,2.6579770318829782e-01,1.1107504079851056e+00
5.4147635808805088e+00,2.9158101314010421e-01,9.3842785515649535e-04,6.6356870003550505e-04,2,64;128,2.6507237011047324e-01,1.1000053042819327e+00
5.4841836267892328e+00,2.8720644797122574e-01,0.0000000000000000e+00,0.0000000000000000e+00,1,128,2.6435432490879790e-01,1.0864450508623675e+00
5.5536036726979576e+00,2.9172081544782691e-01,4.8756988238804972e-03,2.8149860284549470e-03,3,32;64;128,2.6364339308392570e-01,1.1064977279933705e+00
5.6230237186066825e+00,2.8852702188267099e-01,0.0000000000000000e+00,0.0000000000000000e+00,1,128,2.6293940640842056e-01,1.0973137340794992e+00
5.6924437645154065e+00,2.9395699602252590e-01,9.2357637574731841e-04,6.5306711823462360e-04,2,64;128,2.6224220262646197e-01,1.1209370310286728e+00
5.7618638104241313e+00,2.8985022118956666e-01,0.0000000000000000e+00,0.0000000000000000e+00,1,128,2.6155162517140956e-01,1.1081950685628943e+00
5.8312838563328553e+00,2.9087806350831596e-01,7.1692166341067506e-04,4.1391491535802753e-04,3,32;64;128,2.6086752289996201e-01,1.1150413063103393e+00
5.9007039022415801e+00,2.9353365100618284e-01,0.0000000000000000e+00,0.0000000000000000e+00,1,128,2.6018974984174997e-01,1.1281522472914978e+00
5.9701239481503041e+00,2.8871933209939760e-01,8.5256773982311448e-03,6.0285643024981239e-03,2,64;128,2.5951816496329611e-01,1.1125207059792190e+00
6.0395439940590290e+00,2.9408235865527232e-01,0.0000000000000000e+00,0.0000000000000000e+00,1,128,2.5885263194536107e-01,1.1360995499452662e+00
6.1089640399677547e+00,2.8660698267676565e-01,4.5685664741532180e-03,2.6376630836630601e-03,3,32;64;128,2.5819301897277097e-01,1.1100493104617644e+00
6.1783840858764778e+00,2.8425025269431226e-01,0.0000000000000000e+00,0.0000000000000000e+00,1,128,2.5753919853589380e-01,1.1037164606796572e+00
6.2478041317852027e+00,2.7782656637656056e-01,1.4415217201364052e-03,1.0193097835361487e-03,2,64;128,2.5689104724299444e-01,1.0814957132926595e+00
