k,count,transfer_mean,dissipation_mean,production_mean,total_mean,transfer_sem,dissipation_sem,production_sem,total_sem
3.8349519697141029e-04,8.0000000000000000e+00,-1.7158271552254021e-09,-1.0976094008436150e-11,1.7323948549758454e-09,5.5916057420071813e-12,3.1487277808885306e-10,2.1140229028095003e-12,3.3209052443209140e-10,2.1305883845655766e-11
7.6699039394282058e-04,1.2000000000000000e+01,-6.5552038301357455e-10,-5.3585511068463965e-12,6.5965455719234069e-10,-1.2243769280801968e-12,1.8565880197039198e-10,1.2299549868286475e-12,1.8564084568101209e-10,2.9664736075212835e-12
1.1504855909142309e-03,1.6000000000000000e+01,-4.3372820556216030e-10,-4.0656836429766079e-12,4.3871691663747963e-10,9.2302743234267276e-13,8.0224269562677370e-11,4.7880732380491387e-13,8.0780495953736014e-11,5.0917914138694559e-13
1.5339807878856412e-03,3.2000000000000000e+01,-4.7514576526018006e-10,-4.6844284569756585e-12,4.7962989599936381e-10,-2.0029771779194144e-13,4.6141163236033404e-11,2.8251917821144030e-13,4.6287036892316230e-11,3.1858169659811019e-13
1.9174759848570515e-03,2.8000000000000000e+01,-2.4103909107241372e-10,-2.7197687090575004e-12,2.4358221302351267e-10,-1.7664675795851571e-13,1.8199331276321665e-11,1.2470438824314335e-13,1.8185360087586860e-11,3.5115871020485355e-13
2.3009711818284618e-03,4.0000000000000000e+01,-3.1055141416592688e-10,-3.6166564577591921e-12,3.1424828880326064e-10,8.0218179574562831e-14,1.3779243478265905e-11,1.5058610996016035e-13,1.3874231927624520e-11,9.4242872089177808e-14
2.6844663787998720e-03,4.0000000000000000e+01,-2.0628825049895633e-10,-2.8509459142588155e-12,2.0927976257461461e-10,1.4056616139944173e-13,8.1598642336221696e-12,1.1161582207600695e-13,8.2669998926068578e-12,1.4340309560285367e-13
3.0679615757712823e-03,4.8000000000000000e+01,-2.1623313028293550e-10,-2.9302880236430261e-12,2.1900613430306321e-10,-1.5728400351534171e-13,1.5597849057050982e-11,1.9225938077448396e-13,1.5708050352087704e-11,1.0687636539943062e-13
3.4514567727426926e-03,6.8000000000000000e+01,-2.3149354868854126e-10,-3.4781709300083391e-12,2.3496874221503069e-10,-2.9774035189197946e-15,1.1447127097409765e-11,1.8240575877852036e-13,1.1613607791707662e-11,5.1798726031637033e-14
3.8349519697141029e-03,5.6000000000000000e+01,-1.6564585734094172e-10,-2.5944266756060152e-12,1.6827627898381160e-10,3.5994967263896492e-14,6.0841951417490074e-12,6.0953722236260213e-14,6.0959098121005751e-12,2.0717953404020800e-14
4.2184471666855128e-03,7.2000000000000000e+01,-1.6673585731186399e-10,-2.7364968922355986e-12,1.6944894264860087e-10,-2.3411555498728645e-14,7.5894910312220065e-12,9.5228794666991997e-14,7.6584764753010189e-12,4.8618315207993615e-14
4.6019423636569235e-03,6.8000000000000000e+01,-1.2418185142529710e-10,-2.3252433194519601e-12,1.2645516215769829e-10,-5.1932587050770287e-14,4.5918426721393278e-12,6.0650886454508853e-14,4.5698202397848418e-12,2.4119394168037935e-14
4.9854375606283342e-03,8.8000000000000000e+01,-1.4643221507426872e-10,-2.7582550423608170e-12,1.4920272704172593e-10,1.2256925096400501e-14,6.8603696246434661e-12,6.8761619082177440e-14,6.8841799264116425e-12,1.7017309017674433e-14
5.3689327575997441e-03,8.8000000000000000e+01,-1.3004644723435614e-10,-2.5107876200697227e-12,1.3258908364140135e-10,3.1848786975485316e-14,3.1131938010204220e-12,5.9207451511167824e-14,3.1123614546128073e-12,2.6430815247225981e-14
5.7524279545711540e-03,8.4000000000000000e+01,-1.0368672363215012e-10,-2.1773651335322796e-12,1.0587520486378203e-10,1.1116098099641226e-14,3.3525058608325714e-12,5.7458688198914570e-14,3.3242023369920974e-12,1.8841622193922319e-14
6.1359231515425647e-03,1.1200000000000000e+02,-1.2468088379103081e-10,-2.7535321303441743e-12,1.2742505351411240e-10,-9.3624072625977595e-15,3.0957102063195194e-12,8.1943756469199505e-14,3.0545882617147641e-12,2.1239627626073188e-14
6.5194183485139754e-03,1.1200000000000000e+02,-1.0772312997836306e-10,-2.5496802835879816e-12,1.1027125294419041e-10,-1.5573177606395945e-15,3.4748944810435679e-12,5.6194060945733450e-14,3.4701769332495796e-12,7.5299254952677572e-15
6.9029135454853853e-03,1.1200000000000000e+02,-9.8634601388376148e-11,-2.3860720177777194e-12,1.0100583640450291e-10,-1.4837001650961071e-14,2.0808299079112027e-12,7.6239987332888732e-14,2.1280789274144842e-12,6.7048517191476545e-15
7.2864087424567951e-03,1.1600000000000000e+02,-9.1672520623278678e-11,-2.3377683724285167e-12,9.4016429404839940e-11,6.1404091327493192e-15,1.9074470919064310e-12,7.6495939998192879e-14,1.9447308889063541e-12,1.2075529510042167e-14
7.6699039394282058e-03,1.1200000000000000e+02,-7.7620436155926007e-11,-2.1263833366998344e-12,7.9743547995850429e-11,-3.2714967754253075e-15,2.0469128872519753e-12,7.7458018755853737e-14,2.0969671218157857e-12,6.4872623431692353e-15
8.0533991363996166e-03,1.4400000000000000e+02,-9.4787949714262589e-11,-2.6512523575509111e-12,9.7436287229401195e-11,-2.9148424122924434e-15,1.2968443687993007e-12,8.2981581484325043e-14,1.3460878250552358e-12,1.0502450926507467e-14
8.4368943333710256e-03,1.4000000000000000e+02,-8.2331284023712017e-11,-2.4462774401349116e-12,8.4788975204736451e-11,1.1413740889505831e-14,1.9824642615660053e-12,7.9317428837841410e-14,2.0208856992187338e-12,5.0703457683074824e-15
8.8203895303424363e-03,1.4400000000000000e+02,-7.7758995150012907e-11,-2.4162647664092410e-12,8.0175337265111740e-11,7.7348689577303679e-17,9.2637515712737122e-13,6.1126865340483263e-14,8.9802219256175131e-13,3.8237229449620463e-15
9.2038847273138470e-03,1.4400000000000000e+02,-6.9499675809848302e-11,-2.3172966543343762e-12,7.1821109364859058e-11,4.1369006763803446e-15,7.1317855172910421e-13,7.6124911781811191e-14,7.0331569533563113e-13,4.0065584138196192e-15
9.5873799242852577e-03,1.6800000000000000e+02,-7.6272749449481843e-11,-2.6204701232172276e-12,7.8893191542125371e-11,-2.8030573708587050e-17,1.0484065980825703e-12,7.6070279233339254e-14,1.0276480787570100e-12,3.5091886970447393e-15
9.9708751212566685e-03,1.6400000000000000e+02,-6.8479293509053325e-11,-2.4843390137320982e-12,7.0968441665728360e-11,4.8091429429301830e-15,6.4914901746128881e-13,7.7319086680911001e-14,5.9699591507054488e-13,3.5954945562946781e-15
1.0354370318228077e-02,1.6000000000000000e+02,-6.1223757400549365e-11,-2.3259412780971254e-12,6.3552475358724557e-11,2.7766800780676505e-15,1.0448802333828428e-12,6.2485787225299232e-14,1.0537965918778936e-12,3.0562495786306384e-15
1.0737865515199488e-02,1.8400000000000000e+02,-6.4704527179500884e-11,-2.6124476106639899e-12,6.7309817422849859e-11,-7.1573673150218131e-15,9.6139975952349880e-13,8.0208355195237589e-14,9.6948276740030944e-13,2.6512360767600461e-15
1.1121360712170899e-02,1.7200000000000000e+02,-5.5873268527872859e-11,-2.3735719046592768e-12,5.8243760870852114e-11,-3.0795616800218495e-15,6.1020907515191179e-13,7.0706462816538553e-14,6.4484544018034692e-13,3.4919474912488377e-15
1.1504855909142308e-02,2.0000000000000000e+02,-5.9051201624840364e-11,-2.7004613956285532e-12,6.1751201438982355e-11,-4.6158148657010499e-16,6.5440161118676307e-13,8.6290628704107827e-14,7.0800785344320312e-13,2.3732126819107115e-15
1.1888351106113719e-02,1.9200000000000000e+02,-5.6115179367027578e-11,-2.5562144916105442e-12,5.8672143862127771e-11,7.5000348965606387e-16,7.1712193915240332e-13,7.4112073657328798e-14,7.5880682204784304e-13,2.1859531858972506e-15
1.2271846303085129e-02,1.8800000000000000e+02,-4.9894464549505006e-11,-2.4413932474204847e-12,5.2338654054667167e-11,2.7962577416845334e-15,5.9927161899130203e-13,6.5479906356989896e-14,5.6321904334551459e-13,1.5198535456196774e-15
1.2655341500056540e-02,2.0800000000000000e+02,-5.1981799086309585e-11,-2.6700600975472557e-12,5.4652717979046396e-11,8.5879518954707369e-16,6.1565997040101636e-13,7.7369439410642588e-14,6.1333274381203788e-13,2.9467163625174655e-15
1.3038836697027951e-02,2.2400000000000000e+02,-5.1597424180453277e-11,-2.8237760508348785e-12,5.4420042692740947e-11,-1.1575385472039501e-15,3.7819087699470533e-13,7.8771451678182116e-14,3.7729788495518229e-13,2.9378649861360487e-15
1.3422331893999360e-02,2.2400000000000000e+02,-4.8869066916367309e-11,-2.8011698237678694e-12,5.1668890924392953e-11,-1.3458157422194265e-15,5.2530203522214741e-13,8.0822089469193880e-14,4.7896730409115239e-13,2.9407115893777226e-15
1.3805827090970771e-02,2.2800000000000000e+02,-4.6521335567085249e-11,-2.8126776123390030e-12,4.9332055612504874e-11,-1.9575669193832004e-15,4.1927913102665645e-13,8.3266893495558374e-14,3.9450504535749104e-13,2.1621097497264479e-15
1.4189322287942181e-02,2.2400000000000000e+02,-4.3120666842337494e-11,-2.7520186778222161e-12,4.5873500503629223e-11,8.1498346951715308e-16,7.1251300822432854e-13,8.3459858434758958e-14,7.5902670690978576e-13,1.0046900375941308e-15
1.4572817484913590e-02,2.4800000000000000e+02,-4.4770823007888654e-11,-3.0033830820588744e-12,4.7772989119445217e-11,-1.2169705023198629e-15,4.5650156904938770e-13,8.5450207270681993e-14,4.1891458853695228e-13,2.8906248407434142e-15
1.4956312681885001e-02,2.3600000000000000e+02,-4.0515670904152593e-11,-2.8533901228324288e-12,4.3370114719281024e-11,1.0536922959903529e-15,3.5821078081643164e-13,7.8913464852475478e-14,3.3826023770557306e-13,1.5647450053346253e-15
1.5339807878856412e-02,2.6400000000000000e+02,-4.2895594398360681e-11,-3.1547963427569620e-12,4.6048958438702855e-11,-1.4323024148039929e-15,4.3642535546266960e-13,8.8237373603673773e-14,4.2988991292707349e-13,2.4274534995842445e-15
1.5723303075827821e-02,2.4800000000000000e+02,-3.8589583925296063e-11,-2.9540189429124279e-12,4.1542907130281028e-11,-6.9573792746229296e-16,5.0174454557897130e-13,8.8564404336058109e-14,5.2247621563227049e-13,2.0358729162330531e-15
1.6106798272799233e-02,2.6400000000000000e+02,-3.7791438521287486e-11,-3.1292759569445700e-12,4.0920315010096586e-11,-3.9946813547647090e-16,2.6581706007989979e-13,9.1977636960383764e-14,3.0734906997521273e-13,1.6880751946892901e-15
1.6490293469770642e-02,2.7600000000000000e+02,-3.8082496470405290e-11,-3.2710408086977721e-12,4.1354287523518090e-11,7.5024441502929290e-16,3.5254234319889260e-13,9.0408291656745852e-14,3.1729568620567959e-13,1.5122657268505864e-15
1.6873788666742051e-02,2.6400000000000000e+02,-3.4045065738168349e-11,-3.1155655705766934e-12,3.7160963376172182e-11,3.3206742713912213e-16,2.9574130508687794e-13,8.9341394175658500e-14,2.7261520834543031e-13,1.4741132421959298e-15
1.7257283863713464e-02,2.8800000000000000e+02,-3.5986415402511148e-11,-3.4101506458725516e-12,3.9394640949558523e-11,-1.9250988251771173e-15,2.2601733577166183e-13,9.8415114303955094e-14,2.7955966602774258e-13,1.6483989371521156e-15
1.7640779060684873e-02,2.7600000000000000e+02,-3.2939402339031330e-11,-3.2592210677762339e-12,3.6199637729465759e-11,1.0143226581934089e-15,3.1519466962726781e-13,9.2360643219301970e-14,3.3124022484156956e-13,1.5083736091563399e-15
1.8024274257656285e-02,3.0400000000000000e+02,-3.4318053243169074e-11,-3.6006601428172888e-12,3.7917202397020939e-11,-1.5109889654290385e-15,2.7456526291084371e-13,9.8448739652869356e-14,1.8768058304432213e-13,1.6157010370812701e-15
1.8407769454627694e-02,3.0400000000000000e+02,-3.2745921723086964e-11,-3.5872088647436399e-12,3.6332536435932722e-11,-5.9415189788076704e-16,3.7044381297798364e-13,1.0454909527540765e-13,3.5725199823161681e-13,2.2762825929021111e-15
1.8791264651599103e-02,3.1200000000000000e+02,-3.1988409971968578e-11,-3.6925056516495463e-12,3.5678298364110953e-11,-2.6172595071747944e-15,2.7149017306131653e-13,1.0533176054416910e-13,2.5812452082710938e-13,1.4540347294870442e-15
1.9174759848570515e-02,3.1600000000000000e+02,-3.0874241445585482e-11,-3.7629551246377611e-12,3.4637033588559048e-11,-1.6298166419956003e-16,2.4160205729496698e-13,1.0811695912909872e-13,2.5712360655798587e-13,1.6930422547202798e-15
1.9558255045541924e-02,3.2000000000000000e+02,-2.9834319869275227e-11,-3.8060644233864644e-12,3.3642436384392476e-11,2.0520917307848490e-15,2.7315206575218789e-13,1.0687111025012911e-13,2.2894655369673577e-13,1.4609103459775186e-15
1.9941750242513337e-02,3.4400000000000000e+02,-3.0178108110211664e-11,-4.1070554948600797e-12,3.4285758593233604e-11,5.9498816186298512e-16,2.3894656047981718e-13,1.2469246829560303e-13,2.3351841881189152e-13,1.1268395160381728e-15
2.0325245439484746e-02,3.1600000000000000e+02,-2.6557604877490451e-11,-3.7856261310510565e-12,3.0344196713703505e-11,9.6570516199565850e-16,2.2171781123308486e-13,1.1154795650927109e-13,1.3105021713228267e-13,1.6178353087708578e-15
2.0708740636456155e-02,3.3600000000000000e+02,-2.7137256318554765e-11,-4.0497180115730439e-12,3.1183883474852461e-11,-3.0908552753409496e-15,2.9871485140093020e-13,1.1325325706973111e-13,2.7807248538509670e-13,1.3469575556150411e-15
2.1092235833427567e-02,3.5200000000000000e+02,-2.7281803451358066e-11,-4.2672826000647934e-12,3.1548869008290427e-11,-2.1704313243644927e-16,2.7825482854904660e-13,1.1844731152497916e-13,2.8126519871056187e-13,1.2497790029105547e-15
2.1475731030398976e-02,3.4000000000000000e+02,-2.5222312313283850e-11,-4.1416843246510060e-12,2.9364427323088158e-11,4.3068515330659804e-16,2.4793525580378532e-13,1.1531883157851653e-13,1.8772957289151175e-13,1.1353367097570817e-15
2.1859226227370385e-02,3.7600000000000000e+02,-2.7031607931449824e-11,-4.6097130169984912e-12,3.1639631601429601e-11,-1.6893470187112138e-15,1.5036259900042820e-13,1.3199029448975321e-13,1.1264547513247149e-13,1.5242166049441916e-15
2.2242721424341798e-02,3.3600000000000000e+02,-2.2763984785680354e-11,-4.1305206019275784e-12,2.6892233733886866e-11,-2.2716537210690500e-15,3.0992719679230427e-13,1.2045686754870152e-13,2.5589079919604662e-13,1.3480969569835406e-15
2.2626216621313207e-02,3.9200000000000000e+02,-2.5363961776058504e-11,-4.8472522147137943e-12,3.0213291818289175e-11,2.0778275168774382e-15,3.5059801745001873e-13,1.3719617692208683e-13,2.6091666341054683e-13,9.8425655775433524e-16
2.3009711818284616e-02,3.8000000000000000e+02,-2.3653046838887313e-11,-4.7374577774085228e-12,2.8389080611508096e-11,-1.4240047877384448e-15,2.6152991261982340e-13,1.3596147013864619e-13,1.9176988312487888e-13,1.2165344861122308e-15
2.3393207015256028e-02,3.6800000000000000e+02,-2.1479596214051184e-11,-4.6023192611789858e-12,2.6081022129271237e-11,-8.9334595893142179e-16,2.7786082926940919e-13,1.3135889277190792e-13,1.9080800900103728e-13,1.0951229834078970e-15
2.3776702212227437e-02,4.0000000000000000e+02,-2.2857256982046435e-11,-5.0610475373243218e-12,2.7918129614869704e-11,-1.7490450104917053e-16,2.2856288133250736e-13,1.4632291201443485e-13,1.8908662346707062e-13,1.4550778803581412e-15
2.4160197409198850e-02,3.6400000000000000e+02,-1.9966996863287794e-11,-4.6247536896085930e-12,2.4591605671011393e-11,-1.4488188499544409e-16,2.4084733072830223e-13,1.3249205446189578e-13,1.7896200967107944e-13,1.6207968231601409e-15
2.4543692606170259e-02,4.4000000000000000e+02,-2.3291424731389879e-11,-5.6373613037741994e-12,2.8928942670540232e-11,1.5663537616121919e-16,2.6346692181615040e-13,1.6246291754620461e-13,1.4876058435609841e-13,5.7396281168739246e-16
2.4927187803141668e-02,4.0000000000000000e+02,-2.0035482233703402e-11,-5.1626165179474416e-12,2.5197256778740186e-11,-8.4197291065623053e-16,1.7654215342915534e-13,1.4742946267777739e-13,1.4314158106314100e-13,9.9633172563415547e-16
2.5310683000113080e-02,4.2400000000000000e+02,-2.0253628148240713e-11,-5.5132870661874009e-12,2.5768740759274059e-11,1.8255448459446956e-15,1.6968950611431696e-13,1.5887233505011960e-13,8.1078482155705380e-14,1.4221551052733946e-15
2.5694178197084489e-02,4.2000000000000000e+02,-1.9409937810696628e-11,-5.5087530355412784e-12,2.4917582010564392e-11,-1.1088356735184814e-15,2.2160271116054322e-13,1.5839488483229167e-13,1.1084093846428836e-13,1.7701663846890965e-15
2.6077673394055902e-02,4.1600000000000000e+02,-1.8395625954719000e-11,-5.4877541059114287e-12,2.3882312930634550e-11,-1.0671299958797618e-15,2.3151668138184661e-13,1.5619549276070350e-13,1.1755441820868646e-13,7.5986563314295039e-16
2.6461168591027311e-02,4.4800000000000000e+02,-1.9117016100551814e-11,-5.9657613255120116e-12,2.5083731773069463e-11,9.5434700563445318e-16,2.7620171056512504e-13,1.6527713355123213e-13,1.9247696569322851e-13,1.1521865098143910e-15
2.6844663787998720e-02,4.2800000000000000e+02,-1.7155199748178973e-11,-5.7494401096853458e-12,2.2905195639640864e-11,5.5578177654442183e-16,2.1845008135454791e-13,1.6519726897315697e-13,7.5927002054937657e-14,9.0732229477437444e-16
2.7228158984970132e-02,4.3200000000000000e+02,-1.6682730508942243e-11,-5.8536989243344247e-12,2.2535062802414295e-11,-1.3666308623728831e-15,1.5390216305487801e-13,1.6987990589472408e-13,1.2762479571167564e-13,9.8551654742751603e-16
2.7611654181941541e-02,4.8000000000000000e+02,-1.8115950005976395e-11,-6.5635767917452354e-12,2.4677876728846965e-11,-1.6500688746630828e-15,1.8765628643603677e-13,1.8500379889801187e-13,1.3115289993400464e-13,1.3376078384713328e-15
2.7995149378912950e-02,4.4400000000000000e+02,-1.5764411452127788e-11,-6.1154903147897664e-12,2.1880669090404516e-11,7.6732348696253859e-16,2.6458226918898321e-13,1.7847072198467947e-13,1.2680522562633232e-13,1.2515564703952822e-15
2.8378644575884363e-02,4.7200000000000000e+02,-1.6011953443992620e-11,-6.5606230559569385e-12,2.2571660248141167e-11,-9.1625180838950133e-16,1.8308992121314627e-13,1.8787384537999596e-13,7.1782510879523680e-14,1.6659748124934083e-15
2.8762139772855772e-02,4.5600000000000000e+02,-1.4893627491842481e-11,-6.3932440699287781e-12,2.1286780094433366e-11,-9.1467337896966612e-17,2.4659504556396760e-13,1.8242369910618211e-13,1.2769086771365852e-13,1.5995341587532631e-15
2.9145634969827180e-02,4.8800000000000000e+02,-1.5450249667832427e-11,-6.9141745049436203e-12,2.2361663128628887e-11,-2.7610441471572376e-15,1.9002889907939404e-13,1.9994361205841646e-13,1.2367453624990986e-13,1.6950998637331372e-15
2.9529130166798593e-02,5.0000000000000000e+02,-1.5087869058771849e-11,-7.1442862509901254e-12,2.2231174249563586e-11,-9.8106019838738310e-16,2.9231977162271216e-13,2.0398170903013650e-13,1.2083746723603438e-13,1.3126665934153627e-15
2.9912625363770002e-02,4.7200000000000000e+02,-1.3504453419208674e-11,-6.8018696473766688e-12,2.0307632067886922e-11,1.3090013015787406e-15,1.6294869723815103e-13,1.8816362081570225e-13,6.8030464939156483e-14,1.6952596832916136e-15
3.0296120560741414e-02,4.9600000000000000e+02,-1.3590345350234749e-11,-7.2240128875919088e-12,2.0814578823217564e-11,2.2058539090401719e-16,2.0624898496534298e-13,2.0644448494049782e-13,1.5245818687171505e-13,1.6751829843234141e-15
3.0679615757712823e-02,4.9200000000000000e+02,-1.3128320967020155e-11,-7.2213270636747001e-12,2.0346693320606627e-11,-2.9547100882272894e-15,2.0131254648158041e-13,2.0749482929304306e-13,9.3626577360202389e-14,1.7915235924258030e-15
3.1063110954684232e-02,5.3600000000000000e+02,-1.3658923125628395e-11,-7.9405043596429057e-12,2.1598332143307915e-11,-1.0953419633868155e-15,2.5952963747562922e-13,2.2606392757672728e-13,7.4064591613983748e-14,8.3906566821825582e-16
3.1446606151655641e-02,5.1200000000000000e+02,-1.2251469043958954e-11,-7.6504063845787727e-12,1.9900418667960419e-11,-1.4567605773091642e-15,2.4518362854974785e-13,2.1806623334646290e-13,1.1963194569576218e-13,8.7605377193313719e-16
3.1830101348627057e-02,5.1200000000000000e+02,-1.1895447750208974e-11,-7.7177069070923900e-12,1.9609855128533822e-11,-3.2995287675414460e-15,3.2795237223958242e-13,2.1848892754709052e-13,1.4489129054442369e-13,1.5243859927529122e-15
3.2213596545598466e-02,5.1600000000000000e+02,-1.1461283159408389e-11,-7.8479406166564296e-12,1.9306822787036006e-11,-2.4009890288162051e-15,2.3390024947698955e-13,2.2381186263809617e-13,8.1921843080152341e-14,1.1933552211545433e-15
3.2597091742569875e-02,5.5200000000000000e+02,-1.1652745241178776e-11,-8.4929108391246361e-12,2.0145539657629079e-11,-1.1642267433017026e-16,2.3707038099069295e-13,2.4012507664297819e-13,9.1117933868898601e-14,9.5837818832809089e-16
3.2980586939541284e-02,5.4400000000000000e+02,-1.0841190596275812e-11,-8.4398725976061162e-12,1.9278472239668868e-11,-2.5909542130599047e-15,2.2844137145788092e-13,2.4011552720203757e-13,7.0279448451486834e-14,1.4287278520287905e-15
3.3364082136512693e-02,5.4000000000000000e+02,-1.0215268598661263e-11,-8.4591714171790087e-12,1.8675759473899248e-11,1.3194580589799089e-15,2.4063688904717696e-13,2.4130557934113410e-13,1.0430737542238335e-13,1.0762858390431900e-15
3.3747577333484102e-02,5.3600000000000000e+02,-9.8720536690749144e-12,-8.4791062941892409e-12,1.8350684189181687e-11,-4.7577408247211839e-16,2.8221293248639206e-13,2.4035996036714743e-13,7.8014207804830751e-14,2.0793705327441738e-15
3.4131072530455518e-02,5.8400000000000000e+02,-1.0040350337317977e-11,-9.3225155522215595e-12,1.9365149088368966e-11,2.2831988294280545e-15,2.7795538245428220e-13,2.6633020911730134e-13,5.3778962051095704e-14,1.8835239905049510e-15
3.4514567727426927e-02,5.5600000000000000e+02,-8.8857722279961347e-12,-8.9487391189790076e-12,1.7833631780357020e-11,-8.7956661812074166e-16,3.0356414140998555e-13,2.5288113514876620e-13,1.2774016810342788e-13,1.3943746480389454e-15
3.4898062924398336e-02,5.7600000000000000e+02,-8.9721706596057788e-12,-9.3752179353445484e-12,1.8347129229560847e-11,-2.5936538947786811e-16,2.6674876953228693e-13,2.6706440860525502e-13,1.0302325639270765e-13,1.8743310590283597e-15
3.5281558121369745e-02,5.6800000000000000e+02,-8.4504484066550114e-12,-9.3290489954294123e-12,1.7779598139181713e-11,1.0073709728904860e-16,2.0563568957451736e-13,2.6782805204851482e-13,9.4851724639372660e-14,1.0999268639363870e-15
3.5665053318341154e-02,5.9200000000000000e+02,-8.1684183209695979e-12,-9.8139312326155109e-12,1.7980496985992470e-11,-1.8525675926371049e-15,2.9566717459085849e-13,2.8116225823212440e-13,8.2757580570820596e-14,1.7100875578496180e-15
3.6048548515312570e-02,5.8000000000000000e+02,-7.4712777653264067e-12,-9.7006353597805782e-12,1.7173411103224701e-11,1.4979781177224744e-15,2.6238479407063011e-13,2.7872914852003906e-13,6.4932855266796839e-14,2.1204116017892393e-15
3.6432043712283979e-02,5.9200000000000000e+02,-7.2802586008633846e-12,-1.0004957622262712e-11,1.7283936800157027e-11,-1.2794229690662569e-15,2.4904617037066573e-13,2.8735587947710597e-13,6.8300327272699693e-14,1.2746524767089144e-15
3.6815538909255388e-02,6.0000000000000000e+02,-6.8869281708764624e-12,-1.0225192933274404e-11,1.7110577689823898e-11,-1.5434143269672854e-15,3.2885841119175052e-13,2.8941443554015216e-13,1.0866788375440614e-13,1.0480954694171012e-15
3.7199034106226797e-02,6.1200000000000000e+02,-6.7216622023151908e-12,-1.0527179662655550e-11,1.7249631398970214e-11,7.8953399947603001e-16,2.7619621139122226e-13,3.0259231231047890e-13,6.7936060356807734e-14,8.8565139707507726e-16
3.7582529303198206e-02,6.6400000000000000e+02,-6.9084305113010940e-12,-1.1540210194774782e-11,1.8448600628560451e-11,-4.0077515426062302e-17,3.1306567606160092e-13,3.3087527119630199e-13,1.0507305589650980e-13,2.0186416570758288e-15
3.7966024500169622e-02,5.9200000000000000e+02,-5.5199443845479125e-12,-1.0370433859074526e-11,1.5891371138840010e-11,9.9289521756929561e-16,2.7992431323706654e-13,2.9502215356935242e-13,7.0323822330012251e-14,8.5991405497883670e-16
3.8349519697141031e-02,6.4000000000000000e+02,-5.5848272596748496e-12,-1.1328279210825724e-11,1.6915466462780894e-11,2.3599922803215873e-15,3.1690927710604904e-13,3.2417594404778408e-13,4.6155256749464401e-14,2.0679513856656643e-15
3.8733014894112440e-02,5.9600000000000000e+02,-4.5813767258756007e-12,-1.0629776409370270e-11,1.5210871814549940e-11,-2.8132069593050510e-16,3.2047747365192892e-13,3.0525864513204395e-13,8.7175517207788013e-14,1.4083132748086995e-15
3.9116510091083849e-02,6.6400000000000000e+02,-5.0230002890420162e-12,-1.1959522563530473e-11,1.6982586940785400e-11,6.4088212907144276e-17,3.0222688335244238e-13,3.4259689044832216e-13,6.6069437397141405e-14,1.1733319801809589e-15
3.9500005288055258e-02,6.7200000000000000e+02,-4.5388101019369300e-12,-1.2246663999997473e-11,1.6786224580799968e-11,7.5047886556590172e-16,3.7796583322239351e-13,3.4917147094371606e-13,1.0467741488334552e-13,1.6566080831761312e-15
3.9883500485026674e-02,6.2000000000000000e+02,-3.7926010298731484e-12,-1.1369932048710645e-11,1.5159812008181253e-11,-2.7210704025390685e-15,2.7675668849265907e-13,3.2762756033740656e-13,6.4284658053037289e-14,1.9050112112419194e-15
4.0266995681998083e-02,6.6400000000000000e+02,-3.6354519272946828e-12,-1.2316391415349524e-11,1.5952528174419200e-11,6.8483177499525284e-16,3.6204635548327746e-13,3.5147232280416793e-13,4.7966223215455497e-14,2.2477785339119426e-15
4.0650490878969492e-02,6.5600000000000000e+02,-3.2753596020581502e-12,-1.2255316666690181e-11,1.5528928386822016e-11,-1.7478819263133059e-15,3.9451032444207207e-13,3.5396976084554615e-13,9.3717517857016332e-14,1.6039360795611085e-15
4.1033986075940901e-02,6.8000000000000000e+02,-2.9579890059540325e-12,-1.2844175967642043e-11,1.5802146162114551e-11,-1.8811481522112376e-17,3.9624327628472747e-13,3.6674727078544008e-13,4.8732471435304467e-14,9.3249205533517942e-16
4.1417481272912310e-02,6.9200000000000000e+02,-2.7284704375756041e-12,-1.3184930748775368e-11,1.5915568374335509e-11,2.1671879845381811e-15,4.0394841296933377e-13,3.7881764153194947e-13,8.0873546179927048e-14,2.1293396816244639e-15
4.1800976469883719e-02,6.7200000000000000e+02,-2.0128411920548381e-12,-1.2882373901032976e-11,1.4892291560669114e-11,-2.9235324186979314e-15,3.6414862133686361e-13,3.7021654066425966e-13,9.2882957441322537e-14,1.1362422761552248e-15
4.2184471666855135e-02,7.2000000000000000e+02,-1.9736172261457306e-12,-1.3984140658523184e-11,1.5959754455111253e-11,1.9965704423408816e-15,3.7981971632786268e-13,4.0288711817020472e-13,5.9451161573900664e-14,1.8550983922018978e-15
4.2567966863826544e-02,6.6800000000000000e+02,-1.4754042004183787e-12,-1.3056615647765353e-11,1.4530971683371491e-11,-1.0481648122424728e-15,3.1964611849922855e-13,3.7248813004194360e-13,9.4699069158173591e-14,1.0111796086745475e-15
4.2951462060797953e-02,7.0400000000000000e+02,-1.2579752808865987e-12,-1.3919352270980633e-11,1.5175679582959549e-11,-1.6479689076824521e-15,3.9985940843065008e-13,3.9873873193801656e-13,6.3842390594830943e-14,1.8248580376471851e-15
4.3334957257769362e-02,7.0400000000000000e+02,-7.9455622116606586e-13,-1.4017275249071808e-11,1.4812574378456625e-11,7.4290821875096379e-16,4.2353958923522847e-13,4.0296134202150786e-13,6.8569807164283194e-14,1.9840498889425891e-15
4.3718452454740771e-02,7.1600000000000000e+02,-2.3057365499099338e-13,-1.4364196415401912e-11,1.4593252248383586e-11,-1.5178220093183314e-15,4.6024614742207373e-13,4.1164060470947415e-13,5.8884687820136797e-14,2.3497041555935515e-15
4.4101947651712187e-02,7.4400000000000000e+02,-1.1835139165091064e-13,-1.5110450895206707e-11,1.5227710745211387e-11,-1.0915416462279039e-15,3.9487438898938799e-13,4.3692506625893985e-13,8.3893051613010818e-14,1.8042782566833453e-15
4.4485442848683596e-02,7.2800000000000000e+02,4.3248250125399815e-13,-1.4871622168974823e-11,1.4438466838625977e-11,-6.7282909485064151e-16,4.6393612285533214e-13,4.2594655520861894e-13,6.6076992262646486e-14,1.1053847373347640e-15
4.4868938045655005e-02,7.2800000000000000e+02,6.1813474099826002e-13,-1.5039086307331289e-11,1.4424927568188294e-11,3.9760018552668184e-15,4.8770483258612125e-13,4.2877455770489791e-13,1.1155816553899960e-13,2.4053925936394273e-15
4.5252433242626414e-02,7.2400000000000000e+02,9.7218261510253305e-13,-1.5077392238366874e-11,1.4105536930642965e-11,3.2730737862202947e-16,3.7783207012418459e-13,4.3006731735854102e-13,6.7944539211597658e-14,1.5085436724638611e-15
4.5635928439597823e-02,7.3600000000000000e+02,1.2302298962229132e-12,-1.5449157891903473e-11,1.4219010371571387e-11,8.2375890828983475e-17,4.3071892286298519e-13,4.4329525928847908e-13,5.8702995543153391e-14,2.3406331719476808e-15
4.6019423636569232e-02,7.7600000000000000e+02,1.7124415438149575e-12,-1.6471472612925401e-11,1.4759849471076011e-11,8.1840196556559087e-16,4.5009718950388564e-13,4.7178866903504358e-13,6.0820459330335352e-14,8.7413710685811134e-16
4.6402918833540648e-02,7.7200000000000000e+02,2.3335521811934619e-12,-1.6469552424560142e-11,1.4133366324566167e-11,-2.6339188005115339e-15,4.4441617729132387e-13,4.7087968806619072e-13,5.7547564906917210e-14,1.5827638172140431e-15
4.6786414030512057e-02,7.6800000000000000e+02,2.3378613691477063e-12,-1.6566274436786895e-11,1.4228861760804117e-11,4.4869316493199863e-16,4.7718434973941668e-13,4.7260991306588200e-13,4.9482848106327506e-14,1.9881260458217905e-15
4.7169909227483466e-02,7.9200000000000000e+02,2.9590466858602527e-12,-1.7227154896347229e-11,1.4264095181599126e-11,-4.0130288878512966e-15,4.9695149117856384e-13,4.9239017618740513e-13,5.5729011326371889e-14,1.9626542900641727e-15
4.7553404424454875e-02,7.6000000000000000e+02,3.1237057889909436e-12,-1.6676595642868335e-11,1.3554120921304979e-11,1.2310674275880075e-15,4.8198516743881916e-13,4.7848478192875887e-13,6.6367848500980641e-14,2.2593455441809000e-15
4.7936899621426284e-02,7.8000000000000000e+02,3.4088108592277018e-12,-1.7271966010508179e-11,1.3862774367090653e-11,-3.8078418982240521e-16,4.8241624384544872e-13,4.9525947869828489e-13,5.9856472100979649e-14,1.1264638646804299e-15
4.8320394818397699e-02,7.7600000000000000e+02,3.9521348021091922e-12,-1.7293996553164855e-11,1.3340889210422250e-11,-9.7254063341508586e-16,5.0270797240267290e-13,4.9588832717946164e-13,3.8393506484953725e-14,2.5567874370002467e-15
4.8703890015369108e-02,8.3200000000000000e+02,4.4690246053088719e-12,-1.8755927926583107e-11,1.4286044968165875e-11,-8.5835310836068123e-16,5.6802263343089475e-13,5.3991582410955158e-13,4.6261904482584486e-14,2.5751146745696962e-15
4.9087385212340517e-02,7.8800000000000000e+02,4.6824235842937662e-12,-1.7890158463301273e-11,1.3207227157656551e-11,-5.0772135095398295e-16,5.4317495661755257e-13,5.1101035294840659e-13,4.8676870075995296e-14,1.4547143821431895e-15
4.9470880409311926e-02,8.1600000000000000e+02,5.0322318098086399e-12,-1.8702362109523596e-11,1.3669287215980889e-11,-8.4308373406456283e-16,5.4579425408139918e-13,5.3180992563528288e-13,5.3536163258273131e-14,9.8864727481980021e-16
4.9854375606283335e-02,8.0000000000000000e+02,5.3343184659054102e-12,-1.8471675684258785e-11,1.3138964247713759e-11,1.6070293603872082e-15,5.1852281521649325e-13,5.2897720487627629e-13,4.3307586781259567e-14,2.1729767093155597e-15
5.0237870803254751e-02,8.1200000000000000e+02,5.6769525442269371e-12,-1.8885104261840546e-11,1.3207710061193586e-11,-4.4165642002266636e-16,5.4624662545661611e-13,5.4241713563619486e-13,8.0580581159177690e-14,2.0354945260196673e-15
5.0621366000226160e-02,8.4800000000000000e+02,6.2110500735247330e-12,-1.9957776776717306e-11,1.3747433098583438e-11,7.0639539086364319e-16,5.9970329057268622e-13,5.7133843037232469e-13,5.2456382768791280e-14,1.5331538447163773e-15
5.1004861197197569e-02,8.3200000000000000e+02,6.4978664559635647e-12,-1.9693552930462271e-11,1.3194768895708109e-11,-9.1757879059329877e-16,5.7998153687878675e-13,5.6549306530516787e-13,5.3708600223074351e-14,1.7462165649323130e-15
5.1388356394168978e-02,8.5600000000000000e+02,7.0337039208405704e-12,-2.0440820635399561e-11,1.3407452188201923e-11,3.3547364293284841e-16,5.5785736959939403e-13,5.8625094813973734e-13,6.6763338042885927e-14,1.5205330867511281e-15
5.1771851591140387e-02,8.2800000000000000e+02,7.1267316301284657e-12,-1.9932482157370175e-11,1.2804964743299425e-11,-7.8578394229056256e-16,5.9188454518942270e-13,5.6752078334147765e-13,5.8249745189133447e-14,2.2077029466520406e-15
5.2155346788111803e-02,8.8000000000000000e+02,7.9328601905825313e-12,-2.1377543644967482e-11,1.3445370377340202e-11,6.8692295525083646e-16,5.9989307296459290e-13,6.1294202513575907e-13,7.1867207744096222e-14,1.0656866786557605e-15
5.2538841985083212e-02,8.4800000000000000e+02,7.8751944043042886e-12,-2.0771493944517244e-11,1.2895782634541312e-11,-5.1690567164778917e-16,6.0930050343509441e-13,5.9411817012063156e-13,6.3841625999757151e-14,1.7434212197854876e-15
5.2922337182054621e-02,8.4400000000000000e+02,8.1793706714856154e-12,-2.0803759687647031e-11,1.2624358852196476e-11,-3.0163964938726567e-17,5.8724570798677343e-13,5.9328806184409109e-13,3.8319790653784651e-14,1.4892690482662539e-15
5.3305832379026030e-02,8.8800000000000000e+02,9.0550768080208445e-12,-2.2091043375154131e-11,1.3035680605131380e-11,-2.8596200190447357e-16,6.4695152434753489e-13,6.3389057968896869e-13,6.6890583675274081e-14,1.5716129229867078e-15
5.3689327575997439e-02,8.9600000000000000e+02,9.3907041124365186e-12,-2.2486490206780407e-11,1.3095534881859657e-11,-2.5121248423229076e-16,6.5572854399784555e-13,6.4484703811150340e-13,9.9499534261387282e-14,1.5096823985446008e-15
5.4072822772968848e-02,8.8800000000000000e+02,9.6401510731472375e-12,-2.2472707753607498e-11,1.2835297978995147e-11,2.7412985348837945e-15,6.3968440729829964e-13,6.4246707827526446e-13,6.0209110513303397e-14,1.5550479939006790e-15
5.4456317969940264e-02,8.7600000000000000e+02,9.8878168420908390e-12,-2.2322728718250540e-11,1.2432268460412354e-11,-2.6434157473432938e-15,6.4369799096561295e-13,6.3807416964715009e-13,3.1786122926483093e-14,1.0227017884191613e-15
5.4839813166911673e-02,8.6400000000000000e+02,1.0061842541553442e-11,-2.2176904874808759e-11,1.2117797003854184e-11,2.7346705988704425e-15,6.2516815854761087e-13,6.3526506452284631e-13,4.2110515194621198e-14,2.4120442385406768e-15
5.5223308363883082e-02,9.3600000000000000e+02,1.1060725729570656e-11,-2.4277601163037147e-11,1.3217226686257823e-11,3.5125279133007296e-16,7.0118521191502642e-13,6.9391668054116926e-13,4.4407977626261067e-14,8.2892552273894090e-16
5.5606803560854491e-02,9.3200000000000000e+02,1.1507766224141202e-11,-2.4330238840372987e-11,1.2819438775762262e-11,-3.0338404695230976e-15,7.1921231415361032e-13,6.9753717624990440e-13,5.3138370741909789e-14,2.3599825218713257e-15
5.5990298757825900e-02,9.2000000000000000e+02,1.1608301451816354e-11,-2.4252560399818943e-11,1.2644886498690161e-11,6.2755068757163723e-16,7.1180567520467470e-13,6.9280123476760044e-13,3.8677659729406552e-14,2.7989248966113041e-15
5.6373793954797316e-02,9.0400000000000000e+02,1.1810252790504349e-11,-2.3957347714681349e-11,1.2142896813956945e-11,-4.1981102200527841e-15,6.7753090108226996e-13,6.8666910987332304e-13,4.6634731517204333e-14,1.3226727340795539e-15
5.6757289151768725e-02,9.4400000000000000e+02,1.2667740661314273e-11,-2.5224310716606147e-11,1.2557656605688171e-11,1.0865503962942101e-15,6.9125326891113258e-13,7.2354477612747332e-13,6.2553072600370024e-14,1.9474531750750194e-15
5.7140784348740134e-02,9.5600000000000000e+02,1.3053496014612767e-11,-2.5817262377420629e-11,1.2763158007243511e-11,-6.0835556434945984e-16,7.8342183866022114e-13,7.3765561348942726e-13,5.9924533700574492e-14,2.4082982235504902e-15
5.7524279545711543e-02,9.1200000000000000e+02,1.2788767399923821e-11,-2.4744971397796217e-11,1.1955394338980286e-11,-8.0965889210906226e-16,6.9180138322125857e-13,7.0892316345777941e-13,5.0400931869686042e-14,1.9445647612679919e-15
5.7907774742682952e-02,9.6800000000000000e+02,1.3853134528174857e-11,-2.6560404087762619e-11,1.2704332621870462e-11,-2.9369377173001397e-15,7.7631151005214176e-13,7.5952673095552948e-13,5.5903535139469732e-14,1.9095460367682234e-15
5.8291269939654361e-02,9.1600000000000000e+02,1.3548950862119021e-11,-2.5222029256833980e-11,1.1672813504525640e-11,-2.6489018931970708e-16,7.4083114606459468e-13,7.1906364671244816e-13,2.9175978197141402e-14,1.8914334511425142e-15
5.8674765136625777e-02,9.9200000000000000e+02,1.4835733884621882e-11,-2.7627803284227651e-11,1.2789195642311645e-11,-2.8737572941201527e-15,7.8247152845524506e-13,7.9092635213114063e-13,4.0620060196829559e-14,1.0195279816348411e-15
5.9058260333597186e-02,9.6000000000000000e+02,1.4858068551571807e-11,-2.6906793553197469e-11,1.2046578248464134e-11,-2.1467531615265972e-15,8.0839625685674226e-13,7.6525978885806769e-13,6.0618301354499924e-14,1.2119290146404738e-15
5.9441755530568595e-02,9.4800000000000000e+02,1.4885713335516664e-11,-2.6747666361499772e-11,1.1859997946942610e-11,-1.9550790404960874e-15,7.7654354075415434e-13,7.6501605479870702e-13,2.4332569731186568e-14,2.0440044005903575e-15
5.9825250727540004e-02,9.9200000000000000e+02,1.5829917390799945e-11,-2.8290941883084477e-11,1.2462363223628379e-11,1.3387313438455661e-15,8.1566076481386330e-13,8.1297089687773573e-13,4.2395793620081276e-14,1.6452038289845560e-15
6.0208745924511413e-02,1.0080000000000000e+03,1.6491770086058730e-11,-2.8883335121946062e-11,1.2388315785008940e-11,-3.2492508783906681e-15,8.2433666034069498e-13,8.2283430889863232e-13,4.4946611952021875e-14,2.0692480156379185e-15
6.0592241121482829e-02,1.0080000000000000e+03,1.6749837554928079e-11,-2.9156074174467333e-11,1.2406585866695554e-11,3.4924715630094565e-16,8.4237376683119304e-13,8.3545982248202057e-13,6.1542635075012879e-14,1.4024568608859790e-15
6.0975736318454238e-02,9.7200000000000000e+02,1.6617019727895718e-11,-2.8291316922872459e-11,1.1673054676549093e-11,-1.2425184276549680e-15,8.0436153586073320e-13,8.0803393759150392e-13,3.4018089730728931e-14,2.0322359026895250e-15
6.1359231515425647e-02,9.7600000000000000e+02,1.6954753766049013e-11,-2.8595048585059695e-11,1.1641799296081013e-11,1.5044770703338176e-15,8.2891066102435626e-13,8.2318077303586244e-13,4.4653354707313311e-14,1.8235734248846815e-15
6.1742726712397056e-02,1.0480000000000000e+03,1.8376050535900130e-11,-3.1084294681230055e-11,1.2708898355476431e-11,6.5421014650355075e-16,8.8318813682373586e-13,8.8989980881078484e-13,4.4773801333036834e-14,2.5798932643293128e-15
6.2126221909368465e-02,1.0040000000000000e+03,1.8158608857048223e-11,-2.9862124163218483e-11,1.1699431432977268e-11,-4.0838731929901600e-15,8.5538670531205491e-13,8.5391171558160586e-13,6.6720099177918622e-14,1.2441595892571068e-15
6.2509717106339874e-02,1.0480000000000000e+03,1.9082804268314924e-11,-3.1476740391005467e-11,1.2391603734099235e-11,-2.3323885913113537e-15,8.7961686382165029e-13,8.9801496662639691e-13,6.2968558375070307e-14,2.0079001965583408e-15
6.2893212303311283e-02,1.0080000000000000e+03,1.8784405387691173e-11,-3.0469859152203606e-11,1.1685020980274783e-11,-4.3278423764371185e-16,8.8034117779911652e-13,8.7553222895271252e-13,3.8468628339008184e-14,1.4342073174219538e-15
6.3276707500282692e-02,1.0480000000000000e+03,1.9917781740291719e-11,-3.1959281790780223e-11,1.2040913730640420e-11,-5.8631984808952922e-16,9.5899748615970368e-13,9.1444888215888546e-13,6.5371893262137012e-14,2.5011634960103691e-15
6.3660202697254115e-02,1.0520000000000000e+03,2.0236707070595463e-11,-3.2332886531392489e-11,1.2094480705371046e-11,-1.6987554259794474e-15,9.3919632307552692e-13,9.2839141198747281e-13,3.5589420555952645e-14,1.5977191171333529e-15
6.4043697894225524e-02,1.0160000000000000e+03,2.0003161591355815e-11,-3.1354885332997630e-11,1.1350459244048337e-11,-1.2644975934758398e-15,8.9940287011366745e-13,8.9722538173172049e-13,3.2114752622613541e-14,1.7203213246779774e-15
6.4427193091196933e-02,1.0640000000000000e+03,2.1168800267823991e-11,-3.3200489000389664e-11,1.2030271770949392e-11,-1.4169616162846132e-15,9.7535568293469743e-13,9.4675042571805055e-13,5.2104057382525104e-14,2.1173790068790042e-15
6.4810688288168342e-02,1.0760000000000000e+03,2.1793019292521009e-11,-3.3748131519609554e-11,1.1955822125859303e-11,7.0989877075674656e-16,9.5422998048278943e-13,9.6519371191074991e-13,3.8161114783938583e-14,2.2258974769434742e-15
6.5194183485139751e-02,1.0880000000000000e+03,2.2363824738778203e-11,-3.4419245372935768e-11,1.2054039113055190e-11,-1.3815211023772704e-15,9.6280494391400383e-13,9.8787867078927876e-13,4.5780217446398786e-14,1.8612295131577374e-15
6.5577678682111160e-02,1.0880000000000000e+03,2.2682699331158265e-11,-3.4671163261366889e-11,1.1985668403931755e-11,-2.7955262768695875e-15,9.9963982174362466e-13,9.9248662779847279e-13,4.4398108794758106e-14,1.4657566389063096e-15
6.5961173879082569e-02,1.0200000000000000e+03,2.1709733169779609e-11,-3.2660444073263223e-11,1.0951264683609941e-11,5.5378012632561929e-16,9.5547543145684046e-13,9.3316648318400536e-13,4.4929584739948112e-14,1.1039196488138286e-15
6.6344669076053978e-02,1.1120000000000000e+03,2.3879637551359382e-11,-3.6019956109817625e-11,1.2141200847261644e-11,8.8228880340339503e-16,1.0288969429432255e-12,1.0334208478008435e-12,6.6461324603112652e-14,2.5544458617706002e-15
6.6728164273025387e-02,1.0960000000000000e+03,2.3903675834441020e-11,-3.5702896918254615e-11,1.1796712737439264e-11,-2.5083463743314772e-15,1.0353605398049219e-12,1.0195507512198447e-12,2.4719910704116735e-14,3.3697496998285679e-15
6.7111659469996796e-02,1.0880000000000000e+03,2.4096907832508739e-11,-3.5708824281513194e-11,1.1611069412896466e-11,-8.4703610798937298e-16,1.0162295418666712e-12,1.0213626169562016e-12,4.2578085663214969e-14,2.0311957709383117e-15
6.7495154666968205e-02,1.1160000000000000e+03,2.5007242175179037e-11,-3.6897130645604129e-11,1.1886353666028370e-11,-3.5348043967202490e-15,1.0672400032013663e-12,1.0543171359995932e-12,4.5077686073654039e-14,2.2891786140761836e-15
6.7878649863939627e-02,1.0880000000000000e+03,2.4842495222875933e-11,-3.6092624830065900e-11,1.1245444034054105e-11,-4.6855731358637959e-15,1.0118798035273205e-12,1.0333749197643654e-12,4.9519291360833985e-14,1.3906008600578659e-15
6.8262145060911036e-02,1.1520000000000000e+03,2.6506438867537158e-11,-3.8693962149747476e-11,1.2188337171917941e-11,8.1388970761428933e-16,1.0693462940104350e-12,1.1090614667267630e-12,6.9597219531469126e-14,2.5442846691310586e-15
6.8645640257882445e-02,1.1160000000000000e+03,2.6025819572539966e-11,-3.7663713406948091e-11,1.1635403564517998e-11,-2.4902698901340537e-15,1.0929022365952684e-12,1.0758568589435681e-12,4.7459945199262810e-14,1.9937224200872807e-15
6.9029135454853854e-02,1.1440000000000000e+03,2.7100662862304068e-11,-3.8922596187729873e-11,1.1823354219428423e-11,1.4208940026179692e-15,1.1307673573378099e-12,1.1108979330467460e-12,4.3637199943886749e-14,1.0469526660490835e-15
6.9412630651825263e-02,1.1280000000000000e+03,2.7016307202786654e-11,-3.8624506304098517e-11,1.1604203825201034e-11,-3.9952761108248854e-15,1.1148270088225724e-12,1.1036553421771766e-12,4.8172555551316855e-14,1.8353186367655487e-15
6.9796125848796672e-02,1.1520000000000000e+03,2.7951203158172330e-11,-3.9730406957544616e-11,1.1776874741239927e-11,-2.3290581323608701e-15,1.1400833808143618e-12,1.1358864027886945e-12,2.7763148045172221e-14,2.5351502603134276e-15
7.0179621045768081e-02,1.1480000000000000e+03,2.8231024819815043e-11,-3.9894664620640174e-11,1.1663281542044241e-11,-3.5825878089278766e-16,1.1289536626129542e-12,1.1354471014201424e-12,5.3169003152777649e-14,2.0437278448116024e-15
7.0563116242739490e-02,1.1440000000000000e+03,2.8465398575953051e-11,-3.9989078622404756e-11,1.1521003338953218e-11,-2.6767074984833902e-15,1.1621931978796626e-12,1.1417141261473295e-12,2.6270502747678926e-14,2.5869595124566634e-15
7.0946611439710899e-02,1.1440000000000000e+03,2.8826076377310163e-11,-4.0360393353456005e-11,1.1534063491060972e-11,-2.5348508486699036e-16,1.1576810761484393e-12,1.1570521470163769e-12,4.0731103875778304e-14,1.7061128671944987e-15
7.1330106636682308e-02,1.1720000000000000e+03,2.9897949099251877e-11,-4.1607033613139472e-11,1.1709509329402245e-11,4.2481551464849747e-16,1.1825413647862694e-12,1.1897800805199253e-12,6.4156164091874651e-14,1.0891176627103122e-15
7.1713601833653731e-02,1.1920000000000000e+03,3.0810281275540359e-11,-4.2626169006059658e-11,1.1815796355372347e-11,-9.1375146947584378e-17,1.2224758758057736e-12,1.2181384816139627e-12,4.6680772246017894e-14,2.4069128672720588e-15
7.2097097030625140e-02,1.1840000000000000e+03,3.1045055358240440e-11,-4.2559655274858748e-11,1.1509153062742989e-11,-5.4468538753316188e-15,1.2333029865322650e-12,1.2170966114776246e-12,5.1060963033079098e-14,3.4845983441562495e-15
7.2480592227596549e-02,1.1800000000000000e+03,3.1251027822530410e-11,-4.2714337070730821e-11,1.1464768777893519e-11,1.4595296931053371e-15,1.2555160856135912e-12,1.2248705564902553e-12,5.3592722341138415e-14,1.4606449663357828e-15
7.2864087424567958e-02,1.1680000000000000e+03,3.1169006174878217e-11,-4.2677196941536037e-11,1.1505409602341209e-11,-2.7811643166117923e-15,1.2203695440608015e-12,1.2227117903595571e-12,3.3903952433776602e-14,1.1104915366529889e-15
7.3247582621539367e-02,1.2320000000000000e+03,3.3331943584219960e-11,-4.5311406277458356e-11,1.1974402949330837e-11,-5.0597439075599678e-15,1.2986476350583102e-12,1.2963201421918318e-12,1.9235439999718553e-14,1.3135159935619762e-15
7.3631077818510776e-02,1.1920000000000000e+03,3.2687139837791054e-11,-4.4163509182685897e-11,1.1477238295356315e-11,8.6895046146699410e-16,1.2435805117662770e-12,1.2636878523761240e-12,4.4059459569057587e-14,2.2281911307945752e-15
7.4014573015482185e-02,1.2200000000000000e+03,3.3787818684243073e-11,-4.5428841477520260e-11,1.1641540242924472e-11,5.1744964727575152e-16,1.2989196200786119e-12,1.2943015854466166e-12,3.1924443731442408e-14,1.8434313057463289e-15
7.4398068212453594e-02,1.2160000000000000e+03,3.4074116347214842e-11,-4.5647445238997796e-11,1.1569324014738460e-11,-4.0048770444937819e-15,1.3184923160667488e-12,1.3026165003394595e-12,3.8975133725521137e-14,2.9332791057068856e-15
7.4781563409425003e-02,1.2400000000000000e+03,3.5117625464235327e-11,-4.6833219206965499e-11,1.1711034679678257e-11,-4.5590630519148540e-15,1.3516928097073784e-12,1.3399507956891394e-12,4.0213962045286548e-14,1.2455266539254507e-15
7.5165058606396412e-02,1.2360000000000000e+03,3.5315654277493562e-11,-4.6981230645625443e-11,1.1663743109786253e-11,-1.8332583456231714e-15,1.3446926027130754e-12,1.3452860130932395e-12,4.2243594175756141e-14,2.4026222194201241e-15
7.5548553803367821e-02,1.2560000000000000e+03,3.6283301155709075e-11,-4.8226945958275949e-11,1.1946281087391040e-11,2.6362848241641745e-15,1.4099056315346411e-12,1.3789844731881138e-12,7.0005369043830100e-14,2.4725291180905154e-15
7.5932049000339244e-02,1.2160000000000000e+03,3.5571039537490987e-11,-4.6858574678316011e-11,1.1286479848759497e-11,-1.0552920655281758e-15,1.3352969815996119e-12,1.3404850781977295e-12,2.9225282006316898e-14,1.6691940091759710e-15
7.6315544197310653e-02,1.2800000000000000e+03,3.7735596855447126e-11,-4.9832059564628339e-11,1.2097286395108719e-11,8.2368592750612720e-16,1.4322152774966052e-12,1.4257695442788449e-12,3.1283166464390504e-14,1.8194838390189933e-15
7.6699039394282062e-02,1.2280000000000000e+03,3.6666883328788026e-11,-4.8001048042835684e-11,1.1330625660317285e-11,-3.5390537303701540e-15,1.3862699932399461e-12,1.3740152856582126e-12,4.7962207175711066e-14,3.1301656991819806e-15
7.7082534591253471e-02,1.2480000000000000e+03,3.7673354876555077e-11,-4.9087840176088557e-11,1.1409841811305040e-11,-4.6434882284477028e-15,1.4082394204992971e-12,1.4017560949723472e-12,3.7042830358070624e-14,2.5082502591460956e-15
7.7466029788224880e-02,1.2880000000000000e+03,3.9232806053948811e-11,-5.1194752442723882e-11,1.1961974065221163e-11,2.7676446100554381e-17,1.4586495401518047e-12,1.4694551679050016e-12,5.2186361629762960e-14,1.7803430534716971e-15
7.7849524985196289e-02,1.2600000000000000e+03,3.8832880117679688e-11,-5.0293246016165269e-11,1.1460030970573005e-11,-3.3492791257854144e-16,1.4501638657058259e-12,1.4405328513407741e-12,2.4853939605716547e-14,1.9135964322074778e-15
7.8233020182167698e-02,1.3120000000000000e+03,4.0782880229050521e-11,-5.2843972844894027e-11,1.2059181162441183e-11,-1.9114534023271130e-15,1.5452411797718505e-12,1.5137854100745424e-12,4.6899704332954595e-14,2.1965739127934998e-15
7.8616515379139107e-02,1.2480000000000000e+03,3.9219195985830961e-11,-5.0441702665493650e-11,1.1219106264433402e-11,-3.4004152292874813e-15,1.4545975204600560e-12,1.4448472759314297e-12,4.6789468011625831e-14,2.2362545877829967e-15
7.9000010576110516e-02,1.3040000000000000e+03,4.1380893322766497e-11,-5.3165569224936856e-11,1.1783209348626925e-11,-1.4665535434329502e-15,1.5176037061635199e-12,1.5178329344720709e-12,3.4511782149128989e-14,1.8764029460186128e-15
7.9383505773081925e-02,1.2920000000000000e+03,4.1261184165021395e-11,-5.3033075183483188e-11,1.1767860591773310e-11,-4.0304266884819982e-15,1.5351487964459554e-12,1.5173063894588193e-12,3.6142625342251007e-14,1.5605069358929430e-15
7.9767000970053348e-02,1.3280000000000000e+03,4.2973787018447611e-11,-5.4807040039533792e-11,1.1832816773131038e-11,-4.3624795514227926e-16,1.5672029001490640e-12,1.5678548186547682e-12,2.5814039646653636e-14,1.9333081997224785e-15
8.0150496167024757e-02,1.3440000000000000e+03,4.3826213814170933e-11,-5.6019441943422842e-11,1.2193864852031478e-11,6.3672277957340701e-16,1.6084484861073887e-12,1.5998351623404569e-12,4.2679823975069485e-14,2.3603836455386536e-15
8.0533991363996166e-02,1.2760000000000000e+03,4.2065014287504872e-11,-5.3331978811451750e-11,1.1263542469352128e-11,-3.4220545947532061e-15,1.5342288549429080e-12,1.5245344904888190e-12,4.1707674359854302e-14,2.3015334170631122e-15
8.0917486560967575e-02,1.3200000000000000e+03,4.3901285330628411e-11,-5.5717831489343963e-11,1.1816182031460521e-11,-3.6412725502518080e-16,1.6043322351763686e-12,1.5927962536437614e-12,5.0122073546937313e-14,2.8023719143632586e-15
8.1300981757938984e-02,1.3520000000000000e+03,4.5368327466895962e-11,-5.7392260050940038e-11,1.2022590745764375e-11,-1.3418382797168061e-15,1.6239413894180116e-12,1.6441359668951636e-12,5.3361232432148794e-14,1.4785176357631196e-15
8.1684476954910393e-02,1.3240000000000000e+03,4.4850320413996985e-11,-5.6476440827009246e-11,1.1623886788817126e-11,-2.2336241951437260e-15,1.6195392741746650e-12,1.6162817505387438e-12,3.6432428740560511e-14,1.5960978918742761e-15
8.2067972151881802e-02,1.3760000000000000e+03,4.7025762969715110e-11,-5.9331368117849654e-11,1.2302382990943327e-11,-3.2221571912201556e-15,1.7009079279691453e-12,1.6985243442188460e-12,4.9604996007107796e-14,3.3589046922579342e-15
8.2451467348853211e-02,1.2960000000000000e+03,4.4768577141270174e-11,-5.5983520023640880e-11,1.1216676732291800e-11,1.7338499210917302e-15,1.5812400210755695e-12,1.6002060456673982e-12,4.5959065326678198e-14,2.3434409709629861e-15
8.2834962545824620e-02,1.3920000000000000e+03,4.8442430584739058e-11,-6.0858445943031740e-11,1.2415964450930645e-11,-5.0907362042049634e-17,1.7158038436915038e-12,1.7372792452941921e-12,5.6063019099594158e-14,2.8611146870340972e-15
8.3218457742796029e-02,1.3720000000000000e+03,4.8188591871848693e-11,-6.0212207662071400e-11,1.2022494841663439e-11,-1.1209485592555856e-15,1.7076566133107112e-12,1.7212887384553703e-12,2.3011639206742624e-14,1.4216457628024799e-15
8.3601952939767438e-02,1.3200000000000000e+03,4.6842851868661111e-11,-5.8275866233181345e-11,1.1430366462996147e-11,-2.6479015240816855e-15,1.6693424858611307e-12,1.6687172785621897e-12,1.9915501441595847e-14,1.3829578217865283e-15
8.3985448136738861e-02,1.4320000000000000e+03,5.1212722156734129e-11,-6.3757559389901031e-11,1.2546644953876131e-11,1.8077207092266221e-15,1.8036299700565946e-12,1.8226928445506575e-12,3.3321328887942470e-14,1.7446969042985665e-15
8.4368943333710270e-02,1.3560000000000000e+03,4.8950202542863776e-11,-6.0564782438996412e-11,1.1612605773792389e-11,-1.9741223402560731e-15,1.7322713980502889e-12,1.7276999789891686e-12,3.9375627501473807e-14,2.4080452660420204e-15
8.4752438530681679e-02,1.4240000000000000e+03,5.1873466733275394e-11,-6.4363817085055258e-11,1.2493696145409937e-11,3.3457936300672689e-15,1.8244045469585982e-12,1.8382930397177249e-12,3.9929206070461780e-14,2.4576027806604046e-15
8.5135933727653088e-02,1.3840000000000000e+03,5.0879829821015869e-11,-6.2840053703303489e-11,1.1965302184207368e-11,5.0783019197426595e-15,1.7860359309542682e-12,1.7927685419252913e-12,4.6767724216248489e-14,2.5155723437798538e-15
8.5519428924624497e-02,1.3760000000000000e+03,5.0876680891879332e-11,-6.2860832362723861e-11,1.1977258890999116e-11,-6.8925798454084040e-15,1.7830026894880520e-12,1.7983093316482946e-12,3.6306176020482369e-14,2.2478226095116701e-15
8.5902924121595906e-02,1.3800000000000000e+03,5.1499810812669406e-11,-6.3540733206749540e-11,1.2041479586977115e-11,5.5719289698124720e-16,1.8261526020039756e-12,1.8151921334420715e-12,3.5096280389325624e-14,3.3959776290519517e-15
8.6286419318567315e-02,1.4480000000000000e+03,5.4605197280657153e-11,-6.6912746852014656e-11,1.2308170239771687e-11,6.2066841417480276e-16,1.9192086387273606e-12,1.9135219033627525e-12,2.9083449312925929e-14,2.3332997277348075e-15
8.6669914515538723e-02,1.4400000000000000e+03,5.4782702963159696e-11,-6.7285832731208319e-11,1.2500243812305647e-11,-2.8859557429723017e-15,1.9235276193860926e-12,1.9225156091788695e-12,5.6382363805441139e-14,3.2587158538419674e-15
8.7053409712510132e-02,1.4120000000000000e+03,5.4124196388283370e-11,-6.6136772896189630e-11,1.2011080495771777e-11,-1.4960121344758990e-15,1.9040237218295560e-12,1.8925342287141567e-12,3.1088908387766501e-14,2.7784200600532007e-15
8.7436904909481541e-02,1.4320000000000000e+03,5.5380470172837483e-11,-6.7665107604017374e-11,1.2282891481468071e-11,-1.7459497118236357e-15,1.9261023454711027e-12,1.9388756884131535e-12,5.3363235122834072e-14,3.0341488278560741e-15
8.7820400106452950e-02,1.4480000000000000e+03,5.6468406720062369e-11,-6.8964507292603882e-11,1.2497432793286449e-11,1.3322207449498372e-15,1.9740331658721359e-12,1.9731440837323653e-12,2.3412866887848856e-14,2.8270399717476676e-15
8.8203895303424373e-02,1.4440000000000000e+03,5.6723994731382342e-11,-6.8921933861069017e-11,1.2202072738327456e-11,4.1336086407712511e-15,1.9556213733337906e-12,1.9743543110592025e-12,3.5199319229371905e-14,3.9734744269042521e-15
8.8587390500395782e-02,1.4560000000000000e+03,5.7672116439682090e-11,-7.0354241461183261e-11,1.2680269185105704e-11,-1.8558363954692970e-15,2.0370593683313170e-12,2.0049623565837083e-12,3.9732079056054679e-14,2.1450632096501461e-15
8.8970885697367191e-02,1.4480000000000000e+03,5.7840394267809849e-11,-7.0110789309911760e-11,1.2271584057421508e-11,1.1890153195908776e-15,1.9907985921073346e-12,1.9971099723012822e-12,3.1510485193284494e-14,2.5205594615537102e-15
8.9354380894338600e-02,1.4880000000000000e+03,5.9943788932492690e-11,-7.2817075939761883e-11,1.2872814027403181e-11,-4.7297986599657988e-16,2.0811809070892068e-12,2.0811412666090246e-12,3.5166418553320227e-14,2.3024236930009324e-15
8.9737876091310009e-02,1.4600000000000000e+03,5.9284083911983879e-11,-7.1784960140361994e-11,1.2495452117785826e-11,-5.4241105922760818e-15,2.0348016045502001e-12,2.0543575449329480e-12,3.9579625225838361e-14,2.0647005040072317e-15
9.0121371288281418e-02,1.4560000000000000e+03,5.9601116992333960e-11,-7.2039851420953276e-11,1.2438602995483709e-11,-1.3143313560863151e-16,2.0612011970306765e-12,2.0579089689317177e-12,2.7519951985700143e-14,3.0751835060854598e-15
9.0504866485252827e-02,1.4720000000000000e+03,6.0740049034191030e-11,-7.3340694776684508e-11,1.2602897349817742e-11,2.2516073242626864e-15,2.0872247187011909e-12,2.0929393824629869e-12,5.2051859833502446e-14,2.7442049025755151e-15
9.0888361682224236e-02,1.4920000000000000e+03,6.2012661675199260e-11,-7.4701561050132122e-11,1.2688978694936952e-11,7.9320004092390161e-17,2.1455973061838449e-12,2.1398742178721470e-12,3.3464348666519885e-14,2.6487397766852899e-15
9.1271856879195645e-02,1.5200000000000000e+03,6.3700330249707920e-11,-7.6831521904459173e-11,1.3133227233046749e-11,2.0355782954755744e-15,2.1839971895052110e-12,2.1915785890042060e-12,3.2962024876078762e-14,3.7856868865784767e-15
9.1655352076167054e-02,1.4960000000000000e+03,6.3213874255684533e-11,-7.5950951262300168e-11,1.2739539458802821e-11,2.4624521871923352e-15,2.1807868321549001e-12,2.1719988047309401e-12,3.8576361376701545e-14,2.5414903987462599e-15
9.2038847273138463e-02,1.4880000000000000e+03,6.3385348636140668e-11,-7.6171741134466064e-11,1.2784553852222576e-11,-1.8386461028231083e-15,2.1899761746058898e-12,2.1836642588501124e-12,5.1820977281663204e-14,2.2947921470230783e-15
9.2422342470109886e-02,1.5240000000000000e+03,6.5473077109994891e-11,-7.8555161763508724e-11,1.3081268026865398e-11,-8.1662664843167809e-16,2.2657169097114090e-12,2.2490440117349167e-12,3.2619270936242939e-14,2.9555835485715567e-15
9.2805837667081295e-02,1.4960000000000000e+03,6.4727844100721856e-11,-7.7337822334468604e-11,1.2609163271669743e-11,-8.1496207700325128e-16,2.2301258626311347e-12,2.2109018174560321e-12,4.0357641484060425e-14,1.5993971217335643e-15
9.3189332864052704e-02,1.5360000000000000e+03,6.6997561503993233e-11,-8.0268674558757539e-11,1.3273838710979649e-11,2.7256562153424714e-15,2.2833531764049535e-12,2.2884026591809622e-12,3.0495917049487333e-14,2.7938619173694321e-15
9.3572828061024113e-02,1.5560000000000000e+03,6.8308274959593792e-11,-8.1632295774160720e-11,1.3322947574542760e-11,-1.0732400241650302e-15,2.3426609977365958e-12,2.3328238226176297e-12,1.8121735000599366e-14,1.7925182159619335e-15
9.3956323257995522e-02,1.5360000000000000e+03,6.7983979313445964e-11,-8.1221369782361240e-11,1.3242168059403887e-11,4.7775904886172115e-15,2.3234291307295019e-12,2.3214936221658212e-12,3.6971535015459768e-14,1.7824358553622995e-15
9.4339818454966931e-02,1.5760000000000000e+03,7.0286339852437717e-11,-8.3907078080306420e-11,1.3623508160154529e-11,2.7699322858180985e-15,2.3918622537502765e-12,2.4037408018641085e-12,3.7146138574517110e-14,2.0461336996405470e-15
9.4723313651938340e-02,1.5120000000000000e+03,6.7906914553327895e-11,-8.0896436389246598e-11,1.2993922860790883e-11,4.4010248721852952e-15,2.3094989244886590e-12,2.3126633491212691e-12,2.1518048043767020e-14,2.0079780156096837e-15
9.5106808848909749e-02,1.5640000000000000e+03,7.0809420238430598e-11,-8.4378987372262748e-11,1.3563808101638881e-11,-5.7590321932607641e-15,2.4320925570558763e-12,2.4141655963894757e-12,2.7462820899174720e-14,3.2323275260137240e-15
9.5490304045881158e-02,1.5360000000000000e+03,6.9962698399549642e-11,-8.3265111795029319e-11,1.3299400883812660e-11,-3.0125116670051324e-15,2.3549902030074994e-12,2.3781508154005589e-12,3.9782094796442720e-14,1.2887558370919335e-15
9.5873799242852567e-02,1.6080000000000000e+03,7.3914027666842376e-11,-8.7988239736229373e-11,1.4069759303269862e-11,-4.4527661171229137e-15,2.5252094234205693e-12,2.5172551633483757e-12,2.0440089505507154e-14,2.6121689638253895e-15
9.6257294439823990e-02,1.5720000000000000e+03,7.2764515721256017e-11,-8.6446588479519410e-11,1.3683626664546995e-11,1.5539062836160886e-15,2.4542497787559568e-12,2.4747155742469321e-12,2.8787825248655461e-14,2.7000488347326203e-15
9.6640789636795399e-02,1.5840000000000000e+03,7.3886625120963325e-11,-8.7681082862292109e-11,1.3795892911134752e-11,1.4351698059680262e-15,2.5010095374163237e-12,2.5139853724581427e-12,3.5265838396788669e-14,3.2371054891084711e-15
9.7024284833766808e-02,1.5680000000000000e+03,7.3525476842793998e-11,-8.7284333983752715e-11,1.3754602566640693e-11,-4.2545743180135386e-15,2.5095182215642938e-12,2.5019797684840843e-12,4.6024746749656695e-14,2.9519272823754423e-15
9.7407780030738217e-02,1.5960000000000000e+03,7.5405581240999372e-11,-8.9407921381604990e-11,1.4001229379415779e-11,-1.1107611898448828e-15,2.5530603778943246e-12,2.5597179861635673e-12,2.6192550241063433e-14,2.7594768701383640e-15
9.7791275227709626e-02,1.6240000000000000e+03,7.7353013804571748e-11,-9.1920222096941461e-11,1.4561196059514939e-11,-6.0122328547727644e-15,2.6396589466106245e-12,2.6235806617956424e-12,4.7700840490062433e-14,2.7638850816695197e-15
9.8174770424681035e-02,1.4760000000000000e+03,7.1170214846828523e-11,-8.4779961554820449e-11,1.3606764544533996e-11,-2.9821634579228997e-15,2.4129824831645722e-12,2.4210527271616156e-12,1.4518540742830343e-14,2.0168102882929055e-15
9.8558265621652444e-02,1.4040000000000000e+03,6.8495510444639592e-11,-8.2321011209085295e-11,1.3825891422452548e-11,3.9065800684189189e-16,2.3637236413266926e-12,2.3493305278454378e-12,4.4006387202051399e-14,2.3855395723660536e-15
9.8941760818623853e-02,1.3280000000000000e+03,6.5371410880945726e-11,-7.8545481332998356e-11,1.3177175641911850e-11,3.1051898592104105e-15,2.2469285871056893e-12,2.2483246082419267e-12,4.7415182195865395e-14,2.5304241673634733e-15
9.9325256015595262e-02,1.2840000000000000e+03,6.3828930260515846e-11,-7.6879771743219377e-11,1.3050115036002915e-11,-7.2644670062362886e-16,2.1918622319999190e-12,2.1944394922396086e-12,3.0505642056643952e-14,1.3128887442174395e-15
9.9708751212566671e-02,1.2600000000000000e+03,6.3311026238327831e-11,-7.6644003088993761e-11,1.3332922372405367e-11,-5.4478260560326686e-17,2.2145980936486576e-12,2.1890930417647898e-12,3.6740908940452283e-14,2.4310834615008097e-15
1.0009224640953808e-01,1.1680000000000000e+03,5.9195602006929312e-11,-7.1554511676483324e-11,1.2356814955097221e-11,-2.0947144567768599e-15,2.0438545940189735e-12,2.0435961296952937e-12,1.6909988875460903e-14,1.8675887724138697e-15
1.0047574160650950e-01,1.2120000000000000e+03,6.1993215472515511e-11,-7.5240325172869236e-11,1.3245263780465483e-11,-1.8459198882339493e-15,2.1544025082573111e-12,2.1502702112031678e-12,3.5814587524403032e-14,1.1680912400105691e-15
1.0085923680348091e-01,1.1480000000000000e+03,5.9233657914070090e-11,-7.1738011265965862e-11,1.2503197347115238e-11,-1.1560047805284687e-15,2.0723548640201137e-12,2.0580956754127177e-12,2.8001517251552056e-14,1.3858934157113373e-15
1.0124273200045232e-01,1.1320000000000000e+03,5.8873610672297908e-11,-7.1598221756629064e-11,1.2723982262555370e-11,-6.2882177579304927e-16,2.0535811727832590e-12,2.0497632407457568e-12,2.7140666982694668e-14,3.0760146502404259e-15
1.0162622719742373e-01,1.0800000000000000e+03,5.6761211615554913e-11,-6.9076254804983096e-11,1.2315454836917687e-11,4.1164748948981521e-16,1.9603922239470370e-12,1.9710096380836085e-12,3.1399188498345079e-14,1.7289277426366515e-15
1.0200972239439514e-01,1.0200000000000000e+03,5.3956388567173534e-11,-6.5667863781235465e-11,1.1706276969582496e-11,-5.1982444794337681e-15,1.8672729561735543e-12,1.8737688726434074e-12,3.1005635482109246e-14,1.2744984058651716e-15
1.0239321759136655e-01,1.1080000000000000e+03,5.9282362478871795e-11,-7.2264418940812451e-11,1.2978436299217486e-11,-3.6201627231687568e-15,2.0567215547610992e-12,2.0689315903067327e-12,3.3447651043410813e-14,2.3849261905118822e-15
1.0277671278833796e-01,1.0320000000000000e+03,5.5654997562316882e-11,-6.7716169699891984e-11,1.2060948070042201e-11,-2.2406753289308994e-16,1.9587740290288390e-12,1.9411061896517999e-12,3.0590935631793576e-14,2.4493698759377148e-15
1.0316020798530937e-01,1.0040000000000000e+03,5.4611262595373790e-11,-6.6595121143302387e-11,1.1983312262089748e-11,-5.4628583883766829e-16,1.8842340515696950e-12,1.9053207754891491e-12,3.5288205175262094e-14,1.0706817301264611e-15
1.0354370318228077e-01,9.7200000000000000e+02,5.3356053487765033e-11,-6.5143674129898720e-11,1.1786791189715660e-11,-8.2945241803451406e-16,1.8659773735841517e-12,1.8652697798590706e-12,3.3981118489989457e-14,1.7397074025017391e-15
1.0392719837925218e-01,9.4400000000000000e+02,5.2198076423257164e-11,-6.3671728845676178e-11,1.1475637251383615e-11,1.9848289646022742e-15,1.8205034205665087e-12,1.8192533474853599e-12,4.5003240671300254e-14,1.5991139425595380e-15
1.0431069357622361e-01,9.8800000000000000e+02,5.5162147276547952e-11,-6.7458098643529010e-11,1.2295576893090828e-11,-3.7447389022824274e-16,1.9572268873047284e-12,1.9313708563783826e-12,4.0343102935942013e-14,1.0657383419158593e-15
1.0469418877319502e-01,9.0000000000000000e+02,5.0664553720338618e-11,-6.1980934065932704e-11,1.1315792998328433e-11,-5.8734726565450613e-16,1.7717396661959146e-12,1.7774716089610736e-12,3.3633286333769636e-14,2.5957667839740597e-15
1.0507768397016642e-01,9.2400000000000000e+02,5.2442378335123002e-11,-6.4230545235533274e-11,1.1786676163255347e-11,-1.4907371549181091e-15,1.8431184013211991e-12,1.8392119038669491e-12,2.9224850305348346e-14,2.7843627617791244e-15
1.0546117916713783e-01,8.9600000000000000e+02,5.1344449575843027e-11,-6.2749648796053231e-11,1.1408502537015369e-11,3.3033168051793246e-15,1.8002552673115743e-12,1.7943108028168542e-12,2.8962027017894519e-14,1.5880421463792194e-15
1.0584467436410924e-01,8.6800000000000000e+02,5.0076820775522992e-11,-6.1286201928469564e-11,1.1213400551981210e-11,4.0193990346346596e-15,1.7408601756113061e-12,1.7533358137802856e-12,3.6542746348026416e-14,1.2381921444928253e-15
1.0622816956108065e-01,8.9200000000000000e+02,5.1974093501311485e-11,-6.3669452129526821e-11,1.1695188234589385e-11,-1.7039362593907751e-16,1.8197931155190449e-12,1.8254903142421824e-12,2.3409314833189835e-14,2.3885468919035232e-15
1.0661166475805206e-01,8.0800000000000000e+02,4.7526836646220138e-11,-5.8174311656936191e-11,1.0648321458982276e-11,8.4644826621783607e-16,1.6606381614893953e-12,1.6669286131678381e-12,2.2324963794834437e-14,1.6743209784821018e-15
1.0699515995502347e-01,8.2000000000000000e+02,4.8619160297630818e-11,-5.9666953885343369e-11,1.1046838084127773e-11,-9.5550358478212055e-16,1.7091817396155701e-12,1.7080317917650345e-12,2.3456123493389755e-14,1.8525220685813366e-15
1.0737865515199488e-01,8.5200000000000000e+02,5.0862492825748902e-11,-6.2204314025835434e-11,1.1343810411378973e-11,1.9892112924508279e-15,1.8009691119298301e-12,1.7807192708910307e-12,2.6314843833357522e-14,1.9324571462661091e-15
1.0776215034896629e-01,7.9600000000000000e+02,4.8020267656806711e-11,-5.8904755370302907e-11,1.0883949350371072e-11,-5.3836312513869808e-16,1.6747288126643401e-12,1.6764076238679134e-12,1.8912751795806300e-14,1.2129606982554049e-15
1.0814564554593770e-01,7.8400000000000000e+02,4.7624039485784929e-11,-5.8503741869271529e-11,1.0878842833980411e-11,-8.5954950619882287e-16,1.6804362658646015e-12,1.6727006559603593e-12,1.9853704363376234e-14,1.1465447510769908e-15
1.0852914074290912e-01,7.4000000000000000e+02,4.5344621694242691e-11,-5.5619475075170450e-11,1.0275516647948195e-11,6.6326702043802840e-16,1.6053739942115849e-12,1.5930707966080676e-12,3.4389789273467934e-14,1.6454364970453028e-15
1.0891263593988053e-01,7.8800000000000000e+02,4.8726129961408882e-11,-5.9788766062751995e-11,1.1063430819203374e-11,7.9471786026116504e-16,1.6929865518545487e-12,1.7112264373615492e-12,5.3099350288538535e-14,2.4440098553503797e-15
1.0929613113685194e-01,7.3600000000000000e+02,4.5840650831896635e-11,-5.6235887799136949e-11,1.0396408440904607e-11,1.1714736642928669e-15,1.6128520464551095e-12,1.6139730311375686e-12,3.3123962783175403e-14,1.4329586012405678e-15
1.0967962633382335e-01,7.3200000000000000e+02,4.6075689239700944e-11,-5.6622576630394269e-11,1.0547835523138695e-11,9.4813244536811666e-16,1.6324004147046248e-12,1.6226391644768443e-12,2.9723121474229380e-14,1.4460069500216966e-15
1.1006312153079476e-01,7.1600000000000000e+02,4.5373286853751177e-11,-5.5705638406439398e-11,1.0332855406001362e-11,5.0385331314355380e-16,1.5977193263127437e-12,1.5933004016276656e-12,3.0243427811274337e-14,1.1452252146696524e-15
1.1044661672776616e-01,6.8400000000000000e+02,4.3695675107049081e-11,-5.3660652208113065e-11,9.9626641809688814e-12,-2.3129200950989584e-15,1.5369959161136381e-12,1.5297951059686473e-12,2.0210240498281262e-14,1.6858153474053563e-15
1.1083011192473757e-01,7.2000000000000000e+02,4.6435268113887201e-11,-5.7112319900725103e-11,1.0677085094452125e-11,3.3307614225243315e-17,1.6348405444910888e-12,1.6330569301434332e-12,1.8950347523664730e-14,1.5898520238078675e-15
1.1121360712170898e-01,6.6000000000000000e+02,4.2876966520558761e-11,-5.2667756018275904e-11,9.7889208596919879e-12,-1.8686380251479026e-15,1.5028361090838564e-12,1.5039470212230771e-12,2.6770336234428492e-14,1.2210799603216124e-15
1.1159710231868039e-01,6.9200000000000000e+02,4.5367701205949456e-11,-5.5819150350504338e-11,1.0449151588299436e-11,-2.2975562554327179e-15,1.5887417058297488e-12,1.5898830359832190e-12,2.1352000853188386e-14,1.3745214615411055e-15
1.1198059751565180e-01,6.4800000000000000e+02,4.2778292725710357e-11,-5.2588962763152792e-11,9.8098593467698880e-12,-8.1069067254144679e-16,1.4890582324356226e-12,1.5024370733879828e-12,3.2751987385600305e-14,1.2078608263826177e-15
1.1236409271262321e-01,6.4400000000000000e+02,4.2940985227899809e-11,-5.2808443196933683e-11,9.8678388697564595e-12,3.8090072258705613e-16,1.5199112983951618e-12,1.5063203260065841e-12,3.4281985981009331e-14,9.5269162740222662e-16
1.1274758790959463e-01,6.3600000000000000e+02,4.2755406839475121e-11,-5.2623527653246116e-11,9.8681169660757342e-12,-3.8476952621628095e-18,1.5033734721877051e-12,1.5039682424511462e-12,2.2166183214854687e-14,1.3685639394394897e-15
1.1313108310656604e-01,5.9200000000000000e+02,4.0094873431835167e-11,-4.9279683815615246e-11,9.1865951770584544e-12,1.7847932783777625e-15,1.3906813817160418e-12,1.4053157284254907e-12,3.9700923525416661e-14,1.3126410258931392e-15
1.1351457830353745e-01,6.2000000000000000e+02,4.2429595778038880e-11,-5.2281816216827769e-11,9.8494088383090798e-12,-2.8116004798071441e-15,1.4840708920794268e-12,1.4919477007721503e-12,2.5028781917346143e-14,1.1513798017830730e-15
1.1389807350050886e-01,5.8800000000000000e+02,4.0502338973918299e-11,-4.9811371513848710e-11,9.3103672919083756e-12,1.3347519779613802e-15,1.4156875978751738e-12,1.4282084978768311e-12,2.3115626471168953e-14,1.0713540663713051e-15
1.1428156869748027e-01,6.0400000000000000e+02,4.2007566292360696e-11,-5.1735110240533474e-11,9.7285375736617767e-12,9.9362548898617446e-16,1.4872284886141324e-12,1.4831213783106814e-12,2.8971571206971728e-14,1.1284898199072585e-15
1.1466506389445168e-01,5.6000000000000000e+02,3.9261430910619769e-11,-4.8354524295047266e-11,9.0941445167398924e-12,1.0511323123868018e-15,1.3919212142976178e-12,1.3839665436992171e-12,3.5071700696849178e-14,1.8472809161201456e-15
1.1504855909142309e-01,5.3200000000000000e+02,3.7537114934505638e-11,-4.6219785160596975e-11,8.6842698608281598e-12,1.5996347368224559e-15,1.3320907855035508e-12,1.3199410345518135e-12,1.9014253672909198e-14,1.0459921612119768e-15
1.1543205428839450e-01,5.8800000000000000e+02,4.1943148826160674e-11,-5.1716870297122371e-11,9.7730796576418382e-12,-6.4181331985021056e-16,1.4604293847152671e-12,1.4717224336750113e-12,2.0793219782634426e-14,1.7024111269257408e-15
1.1581554948536590e-01,5.1200000000000000e+02,3.6796882686667159e-11,-4.5280504411173173e-11,8.4838348579663872e-12,2.1313346037123848e-16,1.2858250047675374e-12,1.2991389877007091e-12,2.8696731191833423e-14,1.4675580741054701e-15
1.1619904468233731e-01,5.6400000000000000e+02,4.0897008100750270e-11,-5.0433912606353404e-11,9.5377610057494498e-12,8.5650014630884053e-16,1.4490714708523898e-12,1.4469807257385654e-12,2.7326628504547575e-14,1.1959510599298721e-15
1.1658253987930872e-01,4.9200000000000000e+02,3.5957873653481529e-11,-4.4331122848190753e-11,8.3716674419034226e-12,-1.5817528057991417e-15,1.2648423856946568e-12,1.2717897529987468e-12,1.7246965998243389e-14,1.7276372895806860e-15
1.1696603507628014e-01,5.1600000000000000e+02,3.8011508595809831e-11,-4.6842260347288364e-11,8.8302368138644901e-12,-5.1493761403438779e-16,1.3454544239930296e-12,1.3418383882170734e-12,3.1487176769219768e-14,1.3209856247615267e-15
1.1734953027325155e-01,5.0400000000000000e+02,3.7451875691963318e-11,-4.6206785959497612e-11,8.7549210350474707e-12,1.0767513177532150e-17,1.3097361216985859e-12,1.3185349723557832e-12,1.9950148168213558e-14,1.1073066661153853e-15
1.1773302547022296e-01,4.5200000000000000e+02,3.3850127468023347e-11,-4.1741019350053590e-11,7.8895971464888685e-12,-1.2947355413736303e-15,1.1933894120786945e-12,1.1921864446473990e-12,2.0659026395142793e-14,8.4355183086983771e-16
1.1811652066719437e-01,5.0800000000000000e+02,3.8393896741926955e-11,-4.7434486889381295e-11,9.0412201739432826e-12,6.3002648893800976e-16,1.3532691865068769e-12,1.3580512539408726e-12,1.9363816945699188e-14,8.9101025208075120e-16
1.1850001586416578e-01,4.4800000000000000e+02,3.4127403652059972e-11,-4.2095573121327963e-11,7.9684156019120498e-12,2.4613264406157445e-16,1.1956496571573825e-12,1.2039401672087122e-12,2.4381802873425889e-14,1.6295654666436367e-15
1.1888351106113719e-01,4.7600000000000000e+02,3.6541193229125612e-11,-4.5162785589086846e-11,8.6226850036355095e-12,1.0926436742813285e-15,1.2892146677121012e-12,1.2852326581076032e-12,2.0124753836431354e-14,1.5832916199702215e-15
1.1926700625810860e-01,4.2800000000000000e+02,3.3167271996285981e-11,-4.0986740513884505e-11,7.8191600771202247e-12,-3.0844047830209745e-16,1.1737985711906199e-12,1.1694213745305581e-12,2.0505932902383385e-14,1.3543017280559208e-15
1.1965050145508001e-01,4.0800000000000000e+02,3.1784444996762040e-11,-3.9300676332472987e-11,7.5151208859625395e-12,-1.1104497484042517e-15,1.1204008300184850e-12,1.1219018355068428e-12,1.0478840699346838e-14,1.5943086693939212e-15
1.2003399665205142e-01,4.6800000000000000e+02,3.6918852561580643e-11,-4.5652835522492609e-11,8.7319405973775992e-12,-2.0423635343709888e-15,1.3108830417248035e-12,1.3090909121465299e-12,1.8366254348261924e-14,1.5294887635012946e-15
1.2041749184902283e-01,3.9600000000000000e+02,3.1441235285120038e-11,-3.8851885059652094e-11,7.4101280068444039e-12,-5.2176768766007074e-16,1.1225321570806241e-12,1.1132062026564304e-12,1.7637182146210283e-14,1.3375519901777318e-15
1.2080098704599425e-01,4.2000000000000000e+02,3.3701908256892985e-11,-4.1654633559544088e-11,7.9534430529746685e-12,7.1775032356588817e-16,1.2064766661272389e-12,1.1980041573026280e-12,2.5665406220400309e-14,4.6817793083172339e-16
1.2118448224296566e-01,3.8400000000000000e+02,3.1002829653940888e-11,-3.8371798399539554e-11,7.3676509474627339e-12,-1.3177981359232266e-15,1.0924102868027691e-12,1.0967030547419095e-12,1.9869239763223803e-14,5.4486088677363747e-16
1.2156797743993707e-01,3.7200000000000000e+02,3.0284007720274036e-11,-3.7465541448156716e-11,7.1804453654271825e-12,-1.0883624554945248e-15,1.0640407975591964e-12,1.0688722379099382e-12,2.4038373027130416e-14,1.0008939751399960e-15
1.2195147263690848e-01,3.9600000000000000e+02,3.2520808141696597e-11,-4.0304233525999641e-11,7.7825623943063289e-12,-8.6298999672145646e-16,1.1472998201031096e-12,1.1502345578354381e-12,1.5559814027454213e-14,1.1192179695939570e-15
1.2233496783387988e-01,3.4400000000000000e+02,2.8439014611254617e-11,-3.5239981667624188e-11,6.8002727520680840e-12,-6.9430430148603041e-16,1.0025343611115560e-12,1.0085172032729009e-12,1.7411696033438456e-14,8.2038305604242128e-16
1.2271846303085129e-01,3.8800000000000000e+02,3.2417169065312589e-11,-4.0190184461699094e-11,7.7731958024289408e-12,1.8040604243435063e-16,1.1469080289605913e-12,1.1484545764846317e-12,1.5482215924761958e-14,1.0328267754721227e-15
1.2310195822782270e-01,3.2400000000000000e+02,2.7260718553485362e-11,-3.3820404377878515e-11,6.5585839517973467e-12,-1.1018725958054438e-15,9.6597419472926569e-13,9.6517984299157377e-13,1.2380259244554992e-14,1.0105419672332235e-15
1.2348545342479411e-01,3.4000000000000000e+02,2.8816726058711061e-11,-3.5799899008760898e-11,6.9822280745431272e-12,-9.4487550671293149e-16,1.0206952733609246e-12,1.0172541602142547e-12,2.0918036097355086e-14,9.2326177268246709e-16
1.2386894862176552e-01,3.4400000000000000e+02,2.9419976354780084e-11,-3.6524580519129584e-11,7.1048195596869411e-12,2.1539533743980909e-16,1.0467414742394043e-12,1.0455494685735199e-12,2.2843196649702477e-14,1.1964369361264801e-15
1.2425244381873693e-01,2.8400000000000000e+02,2.4483672749381199e-11,-3.0388621068686542e-11,5.9059001659392879e-12,9.5184663394022975e-16,8.7362791371101795e-13,8.7487918329539444e-13,1.2138806712571085e-14,9.1685446894570779e-16
1.2463593901570834e-01,3.4000000000000000e+02,2.9568171600536290e-11,-3.6771193394943500e-11,7.2045925041608137e-12,1.5707097536034218e-15,1.0499644293274027e-12,1.0545919468099642e-12,1.3729295099661551e-14,1.1692985614492905e-15
1.2501943421267975e-01,2.8800000000000000e+02,2.5246768837621776e-11,-3.1371320337259782e-11,6.1258713977252029e-12,1.3198980871910607e-15,8.9526026187019982e-13,8.9979770779815672e-13,9.1964648760306478e-15,7.2741505571657748e-16
1.2540292940965117e-01,3.0000000000000000e+02,2.6562161219319182e-11,-3.3032416408222919e-11,6.4696089101568806e-12,-6.4627874685329553e-16,9.5056725245318494e-13,9.4802295580738822e-13,1.5491632958755116e-14,7.7819277556960660e-16
1.2578642460662257e-01,2.8400000000000000e+02,2.5295617602187088e-11,-3.1508111358767009e-11,6.2132925314951065e-12,7.9877491518304498e-16,9.1461375253289653e-13,9.0962634126302670e-13,1.8932421775380532e-14,1.5942930511659060e-15
1.2616991980359399e-01,2.4000000000000000e+02,2.1521212210785371e-11,-2.6826920778347655e-11,5.3047347451070894e-12,-9.7382245519725474e-16,7.6928102625461106e-13,7.6354646489506207e-13,1.4751766831932838e-14,6.2364826699806497e-16
1.2655341500056538e-01,3.0800000000000000e+02,2.7939717928902177e-11,-3.4836868282286791e-11,6.8970722460585222e-12,-7.8107326087814428e-17,1.0039459649794691e-12,9.9998553216222482e-13,1.1746650462325140e-14,8.9242320481263728e-16
1.2693691019753681e-01,2.2800000000000000e+02,2.0798074309309073e-11,-2.5934026405776670e-11,5.1340663221544131e-12,-1.8857743131804764e-15,7.4528157927427531e-13,7.4418127605417827e-13,1.5798636243604696e-14,9.3295966172846301e-16
1.2732040539450823e-01,2.6800000000000000e+02,2.4725841914310957e-11,-3.0867288624985996e-11,6.1412792209292667e-12,-1.6748974577784597e-16,8.8085518296320342e-13,8.8923652076756911e-13,1.7267498028960315e-14,1.4565866213639643e-15
1.2770390059147962e-01,2.2400000000000000e+02,2.0773023455122990e-11,-2.5961926264173590e-11,5.1902026166471836e-12,1.2998075965854074e-15,7.3517072060539418e-13,7.4568069210808496e-13,1.6231540004173205e-14,7.4205087895678355e-16
1.2808739578845105e-01,2.2800000000000000e+02,2.1334018103489289e-11,-2.6693564576394052e-11,5.3604730066919176e-12,9.2653378714892712e-16,7.6652939692784830e-13,7.6409597035961223e-13,1.1746542592404596e-14,1.1530891601605457e-15
1.2847089098542244e-01,2.3600000000000000e+02,2.2247905040252398e-11,-2.7861474352005510e-11,5.6129659806548637e-12,-6.0333109824489343e-16,8.0938988763875216e-13,8.0065671130347856e-13,1.6818787584110746e-14,1.0499955815797564e-15
1.2885438618239387e-01,1.7600000000000000e+02,1.6722046592414205e-11,-2.0948885867470236e-11,4.2258935451672287e-12,-9.4572988880207577e-16,6.0348280562838919e-13,5.9957592454971075e-13,1.1551217750415661e-14,6.3139350332996800e-16
1.2923788137936526e-01,2.3600000000000000e+02,2.2625178378773178e-11,-2.8358546876424310e-11,5.7317204248985189e-12,-1.6480727526138869e-15,8.1332981774087320e-13,8.1452210649842303e-13,1.8107470995895234e-14,6.5583101996856484e-16
1.2962137657633668e-01,1.8000000000000000e+02,1.7375926612339728e-11,-2.1799622261591167e-11,4.4237907496022975e-12,9.5100350852179066e-17,6.2581770195664388e-13,6.2467175313511802e-13,6.1250838659240494e-15,6.4867998916686538e-16
1.3000487177330808e-01,1.9600000000000000e+02,1.9091487292820338e-11,-2.3987290329290448e-11,4.8938901475771996e-12,-1.9128888929086284e-15,6.9599723806454298e-13,6.8656038523149501e-13,1.2285602350862684e-14,8.6896201559011534e-16
1.3038836697027950e-01,1.6800000000000000e+02,1.6497018004803844e-11,-2.0735111163105130e-11,4.2375208126416785e-12,-5.7234565960764101e-16,6.0217891608969450e-13,5.9573531412461126e-13,1.3620488907445649e-14,9.3278433832546262e-16
1.3077186216725090e-01,1.4800000000000000e+02,1.4600018795857416e-11,-1.8363653529156282e-11,3.7642917823875712e-12,6.5704908870377538e-16,5.2364763402681739e-13,5.2172010809511530e-13,1.1351144881400259e-14,5.1561404584123424e-16
1.3115535736422232e-01,1.8800000000000000e+02,1.8746014951348144e-11,-2.3641248405928919e-11,4.8950223460584945e-12,-2.1110852227967141e-16,6.8056402854993999e-13,6.7813005903282520e-13,6.3975620022017694e-15,1.0207928014951875e-15
1.3153885256119374e-01,1.3600000000000000e+02,1.3624716932034519e-11,-1.7186118790950443e-11,3.5611437182841679e-12,-2.5814063175681747e-16,4.9908388680094247e-13,4.9473546065044967e-13,1.0210486522105005e-14,4.8901324032973423e-16
1.3192234775816514e-01,1.5600000000000000e+02,1.5806522507241075e-11,-1.9969032568761027e-11,4.1626471750792912e-12,1.3711355933935948e-16,5.7356001437694525e-13,5.7406175675420463e-13,1.1275359358884400e-14,9.4609424003939372e-16
1.3230584295513656e-01,1.3200000000000000e+02,1.3429871915614733e-11,-1.6983038231777156e-11,3.5524549765425330e-12,-7.1133961989010172e-16,4.8085596021319147e-13,4.8610576728334821e-13,1.0104608144727323e-14,6.3669599728975043e-16
1.3268933815210796e-01,1.0800000000000000e+02,1.1120585025646182e-11,-1.4062956065400014e-11,2.9431668924559174e-12,7.9585270208865046e-16,4.1199638958729354e-13,4.0699979125345402e-13,7.3306515524066803e-15,6.5336261315642088e-16
1.3307283334907938e-01,1.4400000000000000e+02,1.4847952850233186e-11,-1.8848226312184447e-11,4.0002017529816687e-12,-7.1708969591830671e-17,5.4334301087547181e-13,5.3911031994188355e-13,1.7891312155760510e-14,5.2058008569981681e-16
1.3345632854605077e-01,7.6000000000000000e+01,7.9082771094455147e-12,-1.0041080089873348e-11,2.1329785764470681e-12,1.7559601923358047e-16,2.8689547726268707e-13,2.8914738633278514e-13,7.2943576169374472e-15,3.2542575040646321e-16
1.3383982374302220e-01,1.4000000000000000e+02,1.4669812172522379e-11,-1.8668090557828440e-11,3.9985604530985436e-12,2.8206779248387200e-16,5.3028736458040735e-13,5.3288702577812378e-13,1.8307432242836016e-14,8.3319215270229612e-16
1.3422331893999359e-01,6.4000000000000000e+01,6.7492586449263644e-12,-8.6027528452620620e-12,1.8539719417811007e-12,4.7774144540395386e-16,2.5370246526665452e-13,2.4693278364453058e-13,1.2110085306848348e-14,3.4636739305214512e-16
1.3460681413696501e-01,1.0000000000000000e+02,1.0649689506233645e-11,-1.3562081643575979e-11,2.9121391221560259e-12,-2.5301518630730463e-16,3.8525990841160587e-13,3.8474718828252199e-13,1.1108673585543939e-14,5.1651574164972207e-16
1.3499030933393641e-01,6.8000000000000000e+01,7.2606646331792291e-12,-9.2795052099032724e-12,2.0191069752762530e-12,2.6639855220895728e-16,2.6705852906046618e-13,2.6608475732292836e-13,4.2943821599022457e-15,5.2611633725079699e-16
1.3537380453090783e-01,4.8000000000000000e+01,5.1581784270170056e-12,-6.6014028555071405e-12,1.4427238679602111e-12,-5.0056052992335693e-16,1.8743472199862499e-13,1.8916641210517543e-13,1.0728385486469145e-14,2.8732358772870197e-16
1.3575729972787925e-01,8.4000000000000000e+01,9.0775742562609201e-12,-1.1647197828821815e-11,2.5696721627190429e-12,4.8590158146491074e-17,3.3854721070378786e-13,3.3408805508949239e-13,6.6517554419602167e-15,6.2692873689067767e-16
1.3614079492485065e-01,3.6000000000000000e+01,3.9130776928534620e-12,-5.0286943046848191e-12,1.1153678354054180e-12,-2.4877642593777647e-16,1.4509688122016902e-13,1.4352903159483300e-13,7.1598391698089270e-15,2.3056914601673726e-16
1.3652429012182207e-01,6.0000000000000000e+01,6.5591460424760485e-12,-8.4399218908448705e-12,1.8807641021838579e-12,-1.1746184963464834e-17,2.4367488367893282e-13,2.4101935190950196e-13,1.2232780561855440e-14,2.9004563587010125e-16
1.3690778531879347e-01,2.4000000000000000e+01,2.6314746599753916e-12,-3.4065414172821910e-12,7.7531739595335932e-13,2.5063864655973570e-16,1.0034803257502972e-13,9.9103884581554049e-14,6.1678863989642761e-15,1.2817001264029508e-16
1.3729128051576489e-01,2.0000000000000000e+01,2.2059987144073397e-12,-2.8505107353814783e-12,6.4448112500870351e-13,-3.0895965435577147e-17,8.2973197944828902e-14,8.2691152330104481e-14,5.5714119680408868e-15,1.4221390291299024e-16
1.3767477571273629e-01,2.8000000000000000e+01,3.0876731121750974e-12,-4.0128718504322523e-12,9.2576393332327240e-13,5.6519506611773139e-16,1.1640109301500591e-13,1.1500807517614575e-13,4.6943991230154335e-15,2.5602751062441032e-16
1.3805827090970771e-01,8.0000000000000000e+00,8.9155400364818887e-13,-1.1548243021310432e-12,2.6348402530897388e-13,2.1372682611961155e-16,3.3805549205034841e-14,3.3457601888900850e-14,2.1039332180783037e-15,1.2810860607893611e-16
1.3844176610667910e-01,4.0000000000000000e+00,4.4047120400345039e-13,-5.7889670867685432e-13,1.3845952964238637e-13,3.4024968982470802e-17,1.5606842935138310e-14,1.6239393234649997e-14,1.8673039615349386e-15,7.7466150761303930e-17
