k,count,Spsi_mean,Spsi_sem
3.8349519697141029e-04,8.0000000000000000e+00,2.0129646267872097e-03,4.7818355987563671e-04
7.6699039394282058e-04,1.2000000000000000e+01,1.6889850915511280e-04,4.0879437394133051e-05
1.1504855909142309e-03,1.6000000000000000e+01,4.8146524784488668e-05,5.5850293502505759e-06
1.5339807878856412e-03,3.2000000000000000e+01,1.5133633305379230e-05,8.3076338306358253e-07
1.9174759848570515e-03,2.8000000000000000e+01,6.2848151408938669e-06,2.9560525305439547e-07
2.3009711818284618e-03,4.0000000000000000e+01,4.1883235301758955e-06,1.6568237358398193e-07
2.6844663787998720e-03,4.0000000000000000e+01,2.4381229012808515e-06,9.0730523432770570e-08
3.0679615757712823e-03,4.8000000000000000e+01,1.6239157815154534e-06,1.0698924011242007e-07
3.4514567727426926e-03,6.8000000000000000e+01,1.0690664950018171e-06,5.6265395559114270e-08
3.8349519697141029e-03,5.6000000000000000e+01,7.7122662939834282e-07,1.7810970333768886e-08
4.2184471666855128e-03,7.2000000000000000e+01,5.2895167968764092e-07,1.9072810636754726e-08
4.6019423636569235e-03,6.8000000000000000e+01,4.0200095776439695e-07,1.0456826148211353e-08
4.9854375606283342e-03,8.8000000000000000e+01,3.1475167339504300e-07,7.7479303613288103e-09
5.3689327575997441e-03,8.8000000000000000e+01,2.4616283493533400e-07,5.7819229980851873e-09
5.7524279545711540e-03,8.4000000000000000e+01,1.9600924745940636e-07,5.1825284650215125e-09
6.1359231515425647e-03,1.1200000000000000e+02,1.6341967812485844e-07,4.8911052188599200e-09
6.5194183485139754e-03,1.1200000000000000e+02,1.3289900751379587e-07,2.9700125311912915e-09
6.9029135454853853e-03,1.1200000000000000e+02,1.1068891098885520e-07,3.5216771751476531e-09
7.2864087424567951e-03,1.1600000000000000e+02,9.4259289485591799e-08,3.0813435946058270e-09
7.6699039394282058e-03,1.1200000000000000e+02,8.0680830571136699e-08,2.9430831702308673e-09
8.0533991363996166e-03,1.4400000000000000e+02,7.1074737257973537e-08,2.2200262257323922e-09
8.4368943333710256e-03,1.4000000000000000e+02,6.1216409185380253e-08,2.0024991254092222e-09
8.8203895303424363e-03,1.4400000000000000e+02,5.3734016173496827e-08,1.3508440865495361e-09
9.2038847273138470e-03,1.4400000000000000e+02,4.7440556961818834e-08,1.5639562481620534e-09
9.5873799242852577e-03,1.6800000000000000e+02,4.2316955063905873e-08,1.2270484871096466e-09
9.9708751212566685e-03,1.6400000000000000e+02,3.7936434517602090e-08,1.1830362745423246e-09
1.0354370318228077e-02,1.6000000000000000e+02,3.3805953546924323e-08,9.0842868596228306e-10
1.0737865515199488e-02,1.8400000000000000e+02,3.0733781338574212e-08,9.4305266631542578e-10
1.1121360712170899e-02,1.7200000000000000e+02,2.7853770396385822e-08,8.2977514018837329e-10
1.1504855909142308e-02,2.0000000000000000e+02,2.5458009594273480e-08,8.1359316194389501e-10
1.1888351106113719e-02,1.9200000000000000e+02,2.3492561348366314e-08,6.8085514608177558e-10
1.2271846303085129e-02,1.8800000000000000e+02,2.1545011967505814e-08,5.7795497382599392e-10
1.2655341500056540e-02,2.0800000000000000e+02,2.0070856487489281e-08,5.8194250092775391e-10
1.3038836697027951e-02,2.2400000000000000e+02,1.8538695347203924e-08,5.1689505319938729e-10
1.3422331893999360e-02,2.2400000000000000e+02,1.7318938531037305e-08,4.9920125904163963e-10
1.3805827090970771e-02,2.2800000000000000e+02,1.6145209324910659e-08,4.7857973869072208e-10
1.4189322287942181e-02,2.2400000000000000e+02,1.5223993798442421e-08,4.6174192982987688e-10
1.4572817484913590e-02,2.4800000000000000e+02,1.4235325664031955e-08,4.0460522775666448e-10
1.4956312681885001e-02,2.3600000000000000e+02,1.3490642245486167e-08,3.7310970030449074e-10
1.5339807878856412e-02,2.6400000000000000e+02,1.2672812027827178e-08,3.5451838084829435e-10
1.5723303075827821e-02,2.4800000000000000e+02,1.2021476608160939e-08,3.6024872188156055e-10
1.6106798272799233e-02,2.6400000000000000e+02,1.1406329255394273e-08,3.3511857994195421e-10
1.6490293469770642e-02,2.7600000000000000e+02,1.0882339969449280e-08,3.0074145700710020e-10
1.6873788666742051e-02,2.6400000000000000e+02,1.0351122081299134e-08,2.9673953027534891e-10
1.7257283863713464e-02,2.8800000000000000e+02,9.9363126384144571e-09,2.8690092466746129e-10
1.7640779060684873e-02,2.7600000000000000e+02,9.4885113134454746e-09,2.6893893614350230e-10
1.8024274257656285e-02,3.0400000000000000e+02,9.1176565521715508e-09,2.4925563899109798e-10
1.8407769454627694e-02,3.0400000000000000e+02,8.7061691441090683e-09,2.5381234419865919e-10
1.8791264651599103e-02,3.1200000000000000e+02,8.3730129194761999e-09,2.3870083905856458e-10
1.9174759848570515e-02,3.1600000000000000e+02,8.0896292413166799e-09,2.3245124255839666e-10
1.9558255045541924e-02,3.2000000000000000e+02,7.7650594060159401e-09,2.1802002730575915e-10
1.9941750242513337e-02,3.4400000000000000e+02,7.4907242500676548e-09,2.2746380731724464e-10
2.0325245439484746e-02,3.1600000000000000e+02,7.2358622167594826e-09,2.1322399840101234e-10
2.0708740636456155e-02,3.3600000000000000e+02,7.0197735587741868e-09,1.9631743594726645e-10
2.1092235833427567e-02,3.5200000000000000e+02,6.8065598717049923e-09,1.8889191512338431e-10
2.1475731030398976e-02,3.4000000000000000e+02,6.5989903185277541e-09,1.8377837927576220e-10
2.1859226227370385e-02,3.7600000000000000e+02,6.4089484874331427e-09,1.8345994619652817e-10
2.2242721424341798e-02,3.3600000000000000e+02,6.2097578422947361e-09,1.8109356263733684e-10
2.2626216621313207e-02,3.9200000000000000e+02,6.0375108920558397e-09,1.7088597132830930e-10
2.3009711818284616e-02,3.8000000000000000e+02,5.8813326174471797e-09,1.6877454012470605e-10
2.3393207015256028e-02,3.6800000000000000e+02,5.7099780005713923e-09,1.6295654791133192e-10
2.3776702212227437e-02,4.0000000000000000e+02,5.5937585538857126e-09,1.6172909741057289e-10
2.4160197409198850e-02,3.6400000000000000e+02,5.4444406156544937e-09,1.5596937772973703e-10
2.4543692606170259e-02,4.4000000000000000e+02,5.3183800761069844e-09,1.5326626702164013e-10
2.4927187803141668e-02,4.0000000000000000e+02,5.1889645431109533e-09,1.4819595143215763e-10
2.5310683000113080e-02,4.2400000000000000e+02,5.0699096214118764e-09,1.4609401732686982e-10
2.5694178197084489e-02,4.2000000000000000e+02,4.9616929497219529e-09,1.4266682215149745e-10
2.6077673394055902e-02,4.1600000000000000e+02,4.8462381218627366e-09,1.3793473919815937e-10
2.6461168591027311e-02,4.4800000000000000e+02,4.7512972346427685e-09,1.3164626359673474e-10
2.6844663787998720e-02,4.2800000000000000e+02,4.6565758451837876e-09,1.3378819782169255e-10
2.7228158984970132e-02,4.3200000000000000e+02,4.5689642974953290e-09,1.3261936776877932e-10
2.7611654181941541e-02,4.8000000000000000e+02,4.4825120372398882e-09,1.2633985197773480e-10
2.7995149378912950e-02,4.4400000000000000e+02,4.3900338945153492e-09,1.2811809654930085e-10
2.8378644575884363e-02,4.7200000000000000e+02,4.3128792819297687e-09,1.2350755392041431e-10
2.8762139772855772e-02,4.5600000000000000e+02,4.2357894010588058e-09,1.2087233583064609e-10
2.9145634969827180e-02,4.8800000000000000e+02,4.1688015903212817e-09,1.2054391590759756e-10
2.9529130166798593e-02,5.0000000000000000e+02,4.0936127388810398e-09,1.1687499029133221e-10
2.9912625363770002e-02,4.7200000000000000e+02,4.0229783041153389e-09,1.1128744903686274e-10
3.0296120560741414e-02,4.9600000000000000e+02,3.9661715478046493e-09,1.1334614781582501e-10
3.0679615757712823e-02,4.9200000000000000e+02,3.8983008853413325e-09,1.1200845534338593e-10
3.1063110954684232e-02,5.3600000000000000e+02,3.8366854509533171e-09,1.0922379418209218e-10
3.1446606151655641e-02,5.1200000000000000e+02,3.7741783614986280e-09,1.0758626779453360e-10
3.1830101348627057e-02,5.1200000000000000e+02,3.7167613366268353e-09,1.0522164111908509e-10
3.2213596545598466e-02,5.1600000000000000e+02,3.6637543467473687e-09,1.0449043837264447e-10
3.2597091742569875e-02,5.5200000000000000e+02,3.6189319669228215e-09,1.0232076668463661e-10
3.2980586939541284e-02,5.4400000000000000e+02,3.5633756507238711e-09,1.0137808728001079e-10
3.3364082136512693e-02,5.4000000000000000e+02,3.5160215994006991e-09,1.0030228830626713e-10
3.3747577333484102e-02,5.3600000000000000e+02,3.4716291817905635e-09,9.8413156553714895e-11
3.4131072530455518e-02,5.8400000000000000e+02,3.4248985244741120e-09,9.7843015478035686e-11
3.4514567727426927e-02,5.5600000000000000e+02,3.3755732809782621e-09,9.5386364529423575e-11
3.4898062924398336e-02,5.7600000000000000e+02,3.3397676107020024e-09,9.5135216303984763e-11
3.5281558121369745e-02,5.6800000000000000e+02,3.2974341257395974e-09,9.4667667850066165e-11
3.5665053318341154e-02,5.9200000000000000e+02,3.2569186729655447e-09,9.3310308273563966e-11
3.6048548515312570e-02,5.8000000000000000e+02,3.2169904713955777e-09,9.2435291377614291e-11
3.6432043712283979e-02,5.9200000000000000e+02,3.1830666142425501e-09,9.1427551829490530e-11
3.6815538909255388e-02,6.0000000000000000e+02,3.1440226276954335e-09,8.8987515669908803e-11
3.7199034106226797e-02,6.1200000000000000e+02,3.1080956717605203e-09,8.9341385200327082e-11
3.7582529303198206e-02,6.6400000000000000e+02,3.0742317297215934e-09,8.8144001156625946e-11
3.7966024500169622e-02,5.9200000000000000e+02,3.0353996635537791e-09,8.6349150098793339e-11
3.8349519697141031e-02,6.4000000000000000e+02,3.0068077301822865e-09,8.6047731157081965e-11
3.8733014894112440e-02,5.9600000000000000e+02,2.9714523474132805e-09,8.5334555841230925e-11
3.9116510091083849e-02,6.6400000000000000e+02,2.9428795884797178e-09,8.4306252846910704e-11
3.9500005288055258e-02,6.7200000000000000e+02,2.9182379931518377e-09,8.3205056947688645e-11
3.9883500485026674e-02,6.2000000000000000e+02,2.8805833043694896e-09,8.3006381599810005e-11
4.0266995681998083e-02,6.6400000000000000e+02,2.8594241289659420e-09,8.1604283668863211e-11
4.0650490878969492e-02,6.5600000000000000e+02,2.8263248866584040e-09,8.1636269669825114e-11
4.1033986075940901e-02,6.8000000000000000e+02,2.8043876664020198e-09,8.0075476483877945e-11
4.1417481272912310e-02,6.9200000000000000e+02,2.7760975530694216e-09,7.9758208502115813e-11
4.1800976469883719e-02,6.7200000000000000e+02,2.7420044899869245e-09,7.8799415838702418e-11
4.2184471666855135e-02,7.2000000000000000e+02,2.7272155155757330e-09,7.8573444745377262e-11
4.2567966863826544e-02,6.6800000000000000e+02,2.6954488915805412e-09,7.6898717097924914e-11
4.2951462060797953e-02,7.0400000000000000e+02,2.6790302713619071e-09,7.6746909481230648e-11
4.3334957257769362e-02,7.0400000000000000e+02,2.6506390078125649e-09,7.6198266847311281e-11
4.3718452454740771e-02,7.1600000000000000e+02,2.6241051144660071e-09,7.5199962517852170e-11
4.4101947651712187e-02,7.4400000000000000e+02,2.6100417257002964e-09,7.5470060146166234e-11
4.4485442848683596e-02,7.2800000000000000e+02,2.5795690706223109e-09,7.3882841004199234e-11
4.4868938045655005e-02,7.2800000000000000e+02,2.5643726182477965e-09,7.3112726498644652e-11
4.5252433242626414e-02,7.2400000000000000e+02,2.5422695003611061e-09,7.2513936202248078e-11
4.5635928439597823e-02,7.3600000000000000e+02,2.5203151988691514e-09,7.2317082787539311e-11
4.6019423636569232e-02,7.7600000000000000e+02,2.5061435420152517e-09,7.1783990139188944e-11
4.6402918833540648e-02,7.7200000000000000e+02,2.4763937016111877e-09,7.0803298764717459e-11
4.6786414030512057e-02,7.6800000000000000e+02,2.4626602571761553e-09,7.0255908322786711e-11
4.7169909227483466e-02,7.9200000000000000e+02,2.4426712998355509e-09,6.9814415028920572e-11
4.7553404424454875e-02,7.6000000000000000e+02,2.4244486276554580e-09,6.9560241378044268e-11
4.7936899621426284e-02,7.8000000000000000e+02,2.4084354331078289e-09,6.9059626550506129e-11
4.8320394818397699e-02,7.7600000000000000e+02,2.3859610724778318e-09,6.8416155312582072e-11
4.8703890015369108e-02,8.3200000000000000e+02,2.3752976581560777e-09,6.8374691390027801e-11
4.9087385212340517e-02,7.8800000000000000e+02,2.3545579324570183e-09,6.7254923513650072e-11
4.9470880409311926e-02,8.1600000000000000e+02,2.3404314160714584e-09,6.6552620091638499e-11
4.9854375606283335e-02,8.0000000000000000e+02,2.3220375287260822e-09,6.6497261323564071e-11
5.0237870803254751e-02,8.1200000000000000e+02,2.3037912682995115e-09,6.6169966433879815e-11
5.0621366000226160e-02,8.4800000000000000e+02,2.2961126636006416e-09,6.5732436178427342e-11
5.1004861197197569e-02,8.3200000000000000e+02,2.2743425202267619e-09,6.5305630091398639e-11
5.1388356394168978e-02,8.5600000000000000e+02,2.2600645930335510e-09,6.4819269142021664e-11
5.1771851591140387e-02,8.2800000000000000e+02,2.2449726435108777e-09,6.3919788111413155e-11
5.2155346788111803e-02,8.8000000000000000e+02,2.2320434579041909e-09,6.3998078445028625e-11
5.2538841985083212e-02,8.4800000000000000e+02,2.2178095689369912e-09,6.3434185550820138e-11
5.2922337182054621e-02,8.4400000000000000e+02,2.2001179901119452e-09,6.2743754129446867e-11
5.3305832379026030e-02,8.8800000000000000e+02,2.1887868839366402e-09,6.2805748045759724e-11
5.3689327575997439e-02,8.9600000000000000e+02,2.1762151187992290e-09,6.2407979457949014e-11
5.4072822772968848e-02,8.8800000000000000e+02,2.1629998338927959e-09,6.1838038285452993e-11
5.4456317969940264e-02,8.7600000000000000e+02,2.1478372366848996e-09,6.1393214735128853e-11
5.4839813166911673e-02,8.6400000000000000e+02,2.1340196070537086e-09,6.1130076332779716e-11
5.5223308363883082e-02,9.3600000000000000e+02,2.1266401361010890e-09,6.0785403532383323e-11
5.5606803560854491e-02,9.3200000000000000e+02,2.1102390866796720e-09,6.0499429828867684e-11
5.5990298757825900e-02,9.2000000000000000e+02,2.1013769734715587e-09,6.0028805692408127e-11
5.6373793954797316e-02,9.0400000000000000e+02,2.0842712753699349e-09,5.9740038312248275e-11
5.6757289151768725e-02,9.4400000000000000e+02,2.0731976802597333e-09,5.9468680747460360e-11
5.7140784348740134e-02,9.5600000000000000e+02,2.0669186264418363e-09,5.9055545762093022e-11
5.7524279545711543e-02,9.1200000000000000e+02,2.0491507225926545e-09,5.8706711364347318e-11
5.7907774742682952e-02,9.6800000000000000e+02,2.0450005872740302e-09,5.8479425592205354e-11
5.8291269939654361e-02,9.1600000000000000e+02,2.0256101347845996e-09,5.7748584242752873e-11
5.8674765136625777e-02,9.9200000000000000e+02,2.0222138998669982e-09,5.7891772998886734e-11
5.9058260333597186e-02,9.6000000000000000e+02,2.0085181086189339e-09,5.7124862926889604e-11
5.9441755530568595e-02,9.4800000000000000e+02,1.9963100631707450e-09,5.7097535090441790e-11
5.9825250727540004e-02,9.9200000000000000e+02,1.9921846804617275e-09,5.7247521095462271e-11
6.0208745924511413e-02,1.0080000000000000e+03,1.9758238620828492e-09,5.6288399135054787e-11
6.0592241121482829e-02,1.0080000000000000e+03,1.9688301958530522e-09,5.6416514289173678e-11
6.0975736318454238e-02,9.7200000000000000e+02,1.9565671051188888e-09,5.5882365384843900e-11
6.1359231515425647e-02,9.7600000000000000e+02,1.9455595696292308e-09,5.6007094654723457e-11
6.1742726712397056e-02,1.0480000000000000e+03,1.9451592204997624e-09,5.5686481744329609e-11
6.2126221909368465e-02,1.0040000000000000e+03,1.9263012696812773e-09,5.5082956147643163e-11
6.2509717106339874e-02,1.0480000000000000e+03,1.9212820279677806e-09,5.4813312722996667e-11
6.2893212303311283e-02,1.0080000000000000e+03,1.9101480666207347e-09,5.4886588558223255e-11
6.3276707500282692e-02,1.0480000000000000e+03,1.9038095172585247e-09,5.4473047045074294e-11
6.3660202697254115e-02,1.0520000000000000e+03,1.8955828605028937e-09,5.4428841092929279e-11
6.4043697894225524e-02,1.0160000000000000e+03,1.8808717645940845e-09,5.3821281275465986e-11
6.4427193091196933e-02,1.0640000000000000e+03,1.8794179605807049e-09,5.3593598419074658e-11
6.4810688288168342e-02,1.0760000000000000e+03,1.8665786729563390e-09,5.3383594982824494e-11
6.5194183485139751e-02,1.0880000000000000e+03,1.8602655698018360e-09,5.3391766104231989e-11
6.5577678682111160e-02,1.0880000000000000e+03,1.8517868477591529e-09,5.3008559781033752e-11
6.5961173879082569e-02,1.0200000000000000e+03,1.8395072650034162e-09,5.2558441199959496e-11
6.6344669076053978e-02,1.1120000000000000e+03,1.8398201375338979e-09,5.2785624383718436e-11
6.6728164273025387e-02,1.0960000000000000e+03,1.8287583000175998e-09,5.2223428677004037e-11
6.7111659469996796e-02,1.0880000000000000e+03,1.8215670804142599e-09,5.2101342400160996e-11
6.7495154666968205e-02,1.1160000000000000e+03,1.8142324524201388e-09,5.1840539959773160e-11
6.7878649863939627e-02,1.0880000000000000e+03,1.7998926399114224e-09,5.1532690843037527e-11
6.8262145060911036e-02,1.1520000000000000e+03,1.8020093987243590e-09,5.1650141178746474e-11
6.8645640257882445e-02,1.1160000000000000e+03,1.7901823482959484e-09,5.1136454050197816e-11
6.9029135454853854e-02,1.1440000000000000e+03,1.7846989715337968e-09,5.0938033165225239e-11
6.9412630651825263e-02,1.1280000000000000e+03,1.7763458829076577e-09,5.0756683077555742e-11
6.9796125848796672e-02,1.1520000000000000e+03,1.7694656035376560e-09,5.0588731541011173e-11
7.0179621045768081e-02,1.1480000000000000e+03,1.7636093668197678e-09,5.0194809632186167e-11
7.0563116242739490e-02,1.1440000000000000e+03,1.7547970005612177e-09,5.0100626189797832e-11
7.0946611439710899e-02,1.1440000000000000e+03,1.7522573165416610e-09,5.0233026559195316e-11
7.1330106636682308e-02,1.1720000000000000e+03,1.7444067322069035e-09,4.9882367565114643e-11
7.1713601833653731e-02,1.1920000000000000e+03,1.7382086578248642e-09,4.9672620095636970e-11
7.2097097030625140e-02,1.1840000000000000e+03,1.7286225935001057e-09,4.9434194361023368e-11
7.2480592227596549e-02,1.1800000000000000e+03,1.7223951306427894e-09,4.9390817297377256e-11
7.2864087424567958e-02,1.1680000000000000e+03,1.7206340711576325e-09,4.9296560558080017e-11
7.3247582621539367e-02,1.2320000000000000e+03,1.7137788189712867e-09,4.9029550589061244e-11
7.3631077818510776e-02,1.1920000000000000e+03,1.7083139447843778e-09,4.8881102957699832e-11
7.4014573015482185e-02,1.2200000000000000e+03,1.6992809687367690e-09,4.8413387180613783e-11
7.4398068212453594e-02,1.2160000000000000e+03,1.6953427012527819e-09,4.8379018570684423e-11
7.4781563409425003e-02,1.2400000000000000e+03,1.6882719977051305e-09,4.8303469292954838e-11
7.5165058606396412e-02,1.2360000000000000e+03,1.6816631230443737e-09,4.8153460741149735e-11
7.5548553803367821e-02,1.2560000000000000e+03,1.6814010989996751e-09,4.8077612114846074e-11
7.5932049000339244e-02,1.2160000000000000e+03,1.6705033129480370e-09,4.7788585132024192e-11
7.6315544197310653e-02,1.2800000000000000e+03,1.6707015226312754e-09,4.7801240993265824e-11
7.6699039394282062e-02,1.2280000000000000e+03,1.6607917413909850e-09,4.7539940944281459e-11
7.7082534591253471e-02,1.2480000000000000e+03,1.6548536984711650e-09,4.7255701769929355e-11
7.7466029788224880e-02,1.2880000000000000e+03,1.6557568451419756e-09,4.7525376839676632e-11
7.7849524985196289e-02,1.2600000000000000e+03,1.6463614329753497e-09,4.7156717975392605e-11
7.8233020182167698e-02,1.3120000000000000e+03,1.6449453761473313e-09,4.7121960672134391e-11
7.8616515379139107e-02,1.2480000000000000e+03,1.6347306089212581e-09,4.6824704467776007e-11
7.9000010576110516e-02,1.3040000000000000e+03,1.6331745490461243e-09,4.6626108554830731e-11
7.9383505773081925e-02,1.2920000000000000e+03,1.6284241031984025e-09,4.6590522615611408e-11
7.9767000970053348e-02,1.3280000000000000e+03,1.6214994871706507e-09,4.6385797054892893e-11
8.0150496167024757e-02,1.3440000000000000e+03,1.6216950388064703e-09,4.6313691846458843e-11
8.0533991363996166e-02,1.2760000000000000e+03,1.6108089594812565e-09,4.6046207640251313e-11
8.0917486560967575e-02,1.3200000000000000e+03,1.6116242579784211e-09,4.6071116889840081e-11
8.1300981757938984e-02,1.3520000000000000e+03,1.6054762723115817e-09,4.5992621643815488e-11
8.1684476954910393e-02,1.3240000000000000e+03,1.5981215192661134e-09,4.5736071064029475e-11
8.2067972151881802e-02,1.3760000000000000e+03,1.6003183840521574e-09,4.5813365405177296e-11
8.2451467348853211e-02,1.2960000000000000e+03,1.5884637984712090e-09,4.5404138002747381e-11
8.2834962545824620e-02,1.3920000000000000e+03,1.5929166146086518e-09,4.5471651867994113e-11
8.3218457742796029e-02,1.3720000000000000e+03,1.5840808772455603e-09,4.5283814380293051e-11
8.3601952939767438e-02,1.3200000000000000e+03,1.5791305084891419e-09,4.5218102311388810e-11
8.3985448136738861e-02,1.4320000000000000e+03,1.5780389730322262e-09,4.5112955616620210e-11
8.4368943333710270e-02,1.3560000000000000e+03,1.5685046607184593e-09,4.4743907634415152e-11
8.4752438530681679e-02,1.4240000000000000e+03,1.5729451527687296e-09,4.4925029494401322e-11
8.5135933727653088e-02,1.3840000000000000e+03,1.5657648644581938e-09,4.4669546015048356e-11
8.5519428924624497e-02,1.3760000000000000e+03,1.5614236078067053e-09,4.4668845837984830e-11
8.5902924121595906e-02,1.3800000000000000e+03,1.5600108040003835e-09,4.4565547645056485e-11
8.6286419318567315e-02,1.4480000000000000e+03,1.5517123916212234e-09,4.4374880176253426e-11
8.6669914515538723e-02,1.4400000000000000e+03,1.5549458810555790e-09,4.4428673514540034e-11
8.7053409712510132e-02,1.4120000000000000e+03,1.5449638511368981e-09,4.4210058471011643e-11
8.7436904909481541e-02,1.4320000000000000e+03,1.5449897676114544e-09,4.4269979816430502e-11
8.7820400106452950e-02,1.4480000000000000e+03,1.5436907552576302e-09,4.4166275696332365e-11
8.8203895303424373e-02,1.4440000000000000e+03,1.5335214292806027e-09,4.3929455427593640e-11
8.8587390500395782e-02,1.4560000000000000e+03,1.5391095942250644e-09,4.3861976230755248e-11
8.8970885697367191e-02,1.4480000000000000e+03,1.5289881829463833e-09,4.3553507079086948e-11
8.9354380894338600e-02,1.4880000000000000e+03,1.5320034610168159e-09,4.3785466678455572e-11
8.9737876091310009e-02,1.4600000000000000e+03,1.5261041556771383e-09,4.3674519726543674e-11
9.0121371288281418e-02,1.4560000000000000e+03,1.5227660932206679e-09,4.3499619217056896e-11
9.0504866485252827e-02,1.4720000000000000e+03,1.5206343118240062e-09,4.3394763794613996e-11
9.0888361682224236e-02,1.4920000000000000e+03,1.5152205147580422e-09,4.3404474079175516e-11
9.1271856879195645e-02,1.5200000000000000e+03,1.5167977053990530e-09,4.3265998508619012e-11
9.1655352076167054e-02,1.4960000000000000e+03,1.5106866897003921e-09,4.3201703123147293e-11
9.2038847273138463e-02,1.4880000000000000e+03,1.5106082605327925e-09,4.3305515400395114e-11
9.2422342470109886e-02,1.5240000000000000e+03,1.5085549404731366e-09,4.3190239270394696e-11
9.2805837667081295e-02,1.4960000000000000e+03,1.5005370936129733e-09,4.2896881381222804e-11
9.3189332864052704e-02,1.5360000000000000e+03,1.5044730972337474e-09,4.2891521740460748e-11
9.3572828061024113e-02,1.5560000000000000e+03,1.4978860282044134e-09,4.2805523037973683e-11
9.3956323257995522e-02,1.5360000000000000e+03,1.4973344576778567e-09,4.2797151728475638e-11
9.4339818454966931e-02,1.5760000000000000e+03,1.4953062456773815e-09,4.2837166564684290e-11
9.4723313651938340e-02,1.5120000000000000e+03,1.4905232594080939e-09,4.2610971639534064e-11
9.5106808848909749e-02,1.5640000000000000e+03,1.4910788363942372e-09,4.2661192807199769e-11
9.5490304045881158e-02,1.5360000000000000e+03,1.4862777587429803e-09,4.2449993820742590e-11
9.5873799242852567e-02,1.6080000000000000e+03,1.4882230112733908e-09,4.2576670620939102e-11
9.6257294439823990e-02,1.5720000000000000e+03,1.4836601215654690e-09,4.2472871905912845e-11
9.6640789636795399e-02,1.5840000000000000e+03,1.4815882736555969e-09,4.2480083309513144e-11
9.7024284833766808e-02,1.5680000000000000e+03,1.4782961323127226e-09,4.2375148084388046e-11
9.7407780030738217e-02,1.5960000000000000e+03,1.4760690613520947e-09,4.2259281502820692e-11
9.7791275227709626e-02,1.6240000000000000e+03,1.4796290830134978e-09,4.2231574052927148e-11
9.8174770424681035e-02,1.4760000000000000e+03,1.4899128314688361e-09,4.2547521471209415e-11
9.8558265621652444e-02,1.4040000000000000e+03,1.5089720483512684e-09,4.3063998469181676e-11
9.8941760818623853e-02,1.3280000000000000e+03,1.5103778210508080e-09,4.3233860537512400e-11
9.9325256015595262e-02,1.2840000000000000e+03,1.5172554751801523e-09,4.3308224379348563e-11
9.9708751212566671e-02,1.2600000000000000e+03,1.5295464746664595e-09,4.3686697614734491e-11
1.0009224640953808e-01,1.1680000000000000e+03,1.5287885109563329e-09,4.3661980019749215e-11
1.0047574160650950e-01,1.2120000000000000e+03,1.5373697468467924e-09,4.3936099923029884e-11
1.0085923680348091e-01,1.1480000000000000e+03,1.5356652332745456e-09,4.4056706063009701e-11
1.0124273200045232e-01,1.1320000000000000e+03,1.5425129771990961e-09,4.4160337963893457e-11
1.0162622719742373e-01,1.0800000000000000e+03,1.5481334568404693e-09,4.4174425253484086e-11
1.0200972239439514e-01,1.0200000000000000e+03,1.5469558821639405e-09,4.4140749173181501e-11
1.0239321759136655e-01,1.1080000000000000e+03,1.5553581619309172e-09,4.4529743422162483e-11
1.0277671278833796e-01,1.0320000000000000e+03,1.5528254567335410e-09,4.4512510364719744e-11
1.0316020798530937e-01,1.0040000000000000e+03,1.5580064635488679e-09,4.4575429202129791e-11
1.0354370318228077e-01,9.7200000000000000e+02,1.5626968277825103e-09,4.4745038866674492e-11
1.0392719837925218e-01,9.4400000000000000e+02,1.5612671259566164e-09,4.4609107598540967e-11
1.0431069357622361e-01,9.8800000000000000e+02,1.5687965085101641e-09,4.4915594879086637e-11
1.0469418877319502e-01,9.0000000000000000e+02,1.5706965332877119e-09,4.5044085628891500e-11
1.0507768397016642e-01,9.2400000000000000e+02,1.5739362184663198e-09,4.5069160998504386e-11
1.0546117916713783e-01,8.9600000000000000e+02,1.5741239555854072e-09,4.5011884729034912e-11
1.0584467436410924e-01,8.6800000000000000e+02,1.5755501583034994e-09,4.5074633264829898e-11
1.0622816956108065e-01,8.9200000000000000e+02,1.5812449764288138e-09,4.5335970202327326e-11
1.0661166475805206e-01,8.0800000000000000e+02,1.5835013129878947e-09,4.5373574941898016e-11
1.0699515995502347e-01,8.2000000000000000e+02,1.5892183922417158e-09,4.5493156607929892e-11
1.0737865515199488e-01,8.5200000000000000e+02,1.5830682854451771e-09,4.5318293503543595e-11
1.0776215034896629e-01,7.9600000000000000e+02,1.5929036099188661e-09,4.5333732897106819e-11
1.0814564554593770e-01,7.8400000000000000e+02,1.5950054287991858e-09,4.5603703077654302e-11
1.0852914074290912e-01,7.4000000000000000e+02,1.5953596308748307e-09,4.5694643945222250e-11
1.0891263593988053e-01,7.8800000000000000e+02,1.5992194181506141e-09,4.5771474130740140e-11
1.0929613113685194e-01,7.3600000000000000e+02,1.5990441911887931e-09,4.5892507172572044e-11
1.0967962633382335e-01,7.3200000000000000e+02,1.6075251277572898e-09,4.6067384319256016e-11
1.1006312153079476e-01,7.1600000000000000e+02,1.6056580964285055e-09,4.5925301376483241e-11
1.1044661672776616e-01,6.8400000000000000e+02,1.6079393209281643e-09,4.5840174430731017e-11
1.1083011192473757e-01,7.2000000000000000e+02,1.6145777944476566e-09,4.6166944739430638e-11
1.1121360712170898e-01,6.6000000000000000e+02,1.6130040834909111e-09,4.6059710931141843e-11
1.1159710231868039e-01,6.9200000000000000e+02,1.6191949511943332e-09,4.6119147752174392e-11
1.1198059751565180e-01,6.4800000000000000e+02,1.6178456815386706e-09,4.6220646390179358e-11
1.1236409271262321e-01,6.4400000000000000e+02,1.6234822621731759e-09,4.6308510195732742e-11
1.1274758790959463e-01,6.3600000000000000e+02,1.6270583592577819e-09,4.6501020218573360e-11
1.1313108310656604e-01,5.9200000000000000e+02,1.6259478939952233e-09,4.6367149802477974e-11
1.1351457830353745e-01,6.2000000000000000e+02,1.6361094629846103e-09,4.6688796321181791e-11
1.1389807350050886e-01,5.8800000000000000e+02,1.6325673948120980e-09,4.6809525049618314e-11
1.1428156869748027e-01,6.0400000000000000e+02,1.6394186536700243e-09,4.6997918984064928e-11
1.1466506389445168e-01,5.6000000000000000e+02,1.6416758392648239e-09,4.6986765003776465e-11
1.1504855909142309e-01,5.3200000000000000e+02,1.6411122633919398e-09,4.6866546809114075e-11
1.1543205428839450e-01,5.8800000000000000e+02,1.6503482537839239e-09,4.6964716567957964e-11
1.1581554948536590e-01,5.1200000000000000e+02,1.6483748215263432e-09,4.7293633331648595e-11
1.1619904468233731e-01,5.6400000000000000e+02,1.6555609895165316e-09,4.7499181949000894e-11
1.1658253987930872e-01,4.9200000000000000e+02,1.6572000615260242e-09,4.7542532182752599e-11
1.1696603507628014e-01,5.1600000000000000e+02,1.6587553635150568e-09,4.7516242157185820e-11
1.1734953027325155e-01,5.0400000000000000e+02,1.6642173318395620e-09,4.7489469910661069e-11
1.1773302547022296e-01,4.5200000000000000e+02,1.6656625553861653e-09,4.7573672335671176e-11
1.1811652066719437e-01,5.0800000000000000e+02,1.6732588866763896e-09,4.7905455880426357e-11
1.1850001586416578e-01,4.4800000000000000e+02,1.6728081262243728e-09,4.7842389301522063e-11
1.1888351106113719e-01,4.7600000000000000e+02,1.6780766482129849e-09,4.7754129725992321e-11
1.1926700625810860e-01,4.2800000000000000e+02,1.6829088058573209e-09,4.8016196313746479e-11
1.1965050145508001e-01,4.0800000000000000e+02,1.6823945117080771e-09,4.8026864349382447e-11
1.2003399665205142e-01,4.6800000000000000e+02,1.6927168773421451e-09,4.8538312536609889e-11
1.2041749184902283e-01,3.9600000000000000e+02,1.6913261746333679e-09,4.8461104972035128e-11
1.2080098704599425e-01,4.2000000000000000e+02,1.6988509796566638e-09,4.8859571520974174e-11
1.2118448224296566e-01,3.8400000000000000e+02,1.7009310131571970e-09,4.8614250677118144e-11
1.2156797743993707e-01,3.7200000000000000e+02,1.7037116410432741e-09,4.8605764457922358e-11
1.2195147263690848e-01,3.9600000000000000e+02,1.7109581059331883e-09,4.8828888405266619e-11
1.2233496783387988e-01,3.4400000000000000e+02,1.7113114835184954e-09,4.8975397542275661e-11
1.2271846303085129e-01,3.8800000000000000e+02,1.7193848407064838e-09,4.9132392148034143e-11
1.2310195822782270e-01,3.2400000000000000e+02,1.7218683450869687e-09,4.9139751916769200e-11
1.2348545342479411e-01,3.4000000000000000e+02,1.7262729939767353e-09,4.9052172270505109e-11
1.2386894862176552e-01,3.4400000000000000e+02,1.7298735860965754e-09,4.9518244099763942e-11
1.2425244381873693e-01,2.8400000000000000e+02,1.7328022746838803e-09,4.9886879743434550e-11
1.2463593901570834e-01,3.4000000000000000e+02,1.7407236845335975e-09,4.9923410114154005e-11
1.2501943421267975e-01,2.8800000000000000e+02,1.7422583316828358e-09,4.9971760680160824e-11
1.2540292940965117e-01,3.0000000000000000e+02,1.7503125143452153e-09,5.0233374978876057e-11
1.2578642460662257e-01,2.8400000000000000e+02,1.7528629638990093e-09,5.0604213305570665e-11
1.2616991980359399e-01,2.4000000000000000e+02,1.7557979898574462e-09,4.9973508183042021e-11
1.2655341500056538e-01,3.0800000000000000e+02,1.7657849248549899e-09,5.0686343232530865e-11
1.2693691019753681e-01,2.2800000000000000e+02,1.7646810950178108e-09,5.0637761950141365e-11
1.2732040539450823e-01,2.6800000000000000e+02,1.7761930622157110e-09,5.1168629231261850e-11
1.2770390059147962e-01,2.2400000000000000e+02,1.7766162660764881e-09,5.1028554899111543e-11
1.2808739578845105e-01,2.2800000000000000e+02,1.7840075026892555e-09,5.1066573191056352e-11
1.2847089098542244e-01,2.3600000000000000e+02,1.7881157447720586e-09,5.1384766383603587e-11
1.2885438618239387e-01,1.7600000000000000e+02,1.7924733170529133e-09,5.1301966322123896e-11
1.2923788137936526e-01,2.3600000000000000e+02,1.7988089232915302e-09,5.1665742946777667e-11
1.2962137657633668e-01,1.8000000000000000e+02,1.8018734243493819e-09,5.1632793116376322e-11
1.3000487177330808e-01,1.9600000000000000e+02,1.8099665890811682e-09,5.1804870456967759e-11
1.3038836697027950e-01,1.6800000000000000e+02,1.8148184140616389e-09,5.2141456842057489e-11
1.3077186216725090e-01,1.4800000000000000e+02,1.8145044362130352e-09,5.1550639579544857e-11
1.3115535736422232e-01,1.8800000000000000e+02,1.8279434685769714e-09,5.2433339282195595e-11
1.3153885256119374e-01,1.3600000000000000e+02,1.8258978941798716e-09,5.2562180896783204e-11
1.3192234775816514e-01,1.5600000000000000e+02,1.8385697707549866e-09,5.2854763785534570e-11
1.3230584295513656e-01,1.3200000000000000e+02,1.8372236432367921e-09,5.2587283170532174e-11
1.3268933815210796e-01,1.0800000000000000e+02,1.8489059626878225e-09,5.3510387045273186e-11
1.3307283334907938e-01,1.4400000000000000e+02,1.8479712749724265e-09,5.2857246131570268e-11
1.3345632854605077e-01,7.6000000000000000e+01,1.8546937713787508e-09,5.3408505786293233e-11
1.3383982374302220e-01,1.4000000000000000e+02,1.8607597591680942e-09,5.3116549153922064e-11
1.3422331893999359e-01,6.4000000000000000e+01,1.8644343124128125e-09,5.3516563050980142e-11
1.3460681413696501e-01,1.0000000000000000e+02,1.8707229079945228e-09,5.3071214351558617e-11
1.3499030933393641e-01,6.8000000000000000e+01,1.8718939583052328e-09,5.3675118913061911e-11
1.3537380453090783e-01,4.8000000000000000e+01,1.8774187023909192e-09,5.3798329325499251e-11
1.3575729972787925e-01,8.4000000000000000e+01,1.8817460785994148e-09,5.3976638470034457e-11
1.3614079492485065e-01,3.6000000000000000e+01,1.8842978403106804e-09,5.3781648364348705e-11
1.3652429012182207e-01,6.0000000000000000e+01,1.8865274568468441e-09,5.3875576826519809e-11
1.3690778531879347e-01,2.4000000000000000e+01,1.8921257088055043e-09,5.5046119067909424e-11
1.3729128051576489e-01,2.0000000000000000e+01,1.8924667044907296e-09,5.4899053763337845e-11
1.3767477571273629e-01,2.8000000000000000e+01,1.8923036951435371e-09,5.4233185370871584e-11
1.3805827090970771e-01,8.0000000000000000e+00,1.8942567036407790e-09,5.4880458047896738e-11
1.3844176610667910e-01,4.0000000000000000e+00,1.8916939856568012e-09,5.3066396910285527e-11
