frame,step,time,samples,sine2d_amplitude_mean,sine2d_amplitude_sem,sine2d_amplitude_std,psi_mean_mean,psi_mean_sem,psi_std_mean,psi_std_sem,psi_rms_mean,psi_rms_sem,mean_field_min,mean_field_max,mean_field_rms,field_ensemble_std_mean
0,12000,48000.0,16,0.09743459342608651,3.64923377374809e-06,1.459693509499236e-05,6.776263578034403e-21,3.190721188168234e-20,0.04879163577262765,1.3492169204037022e-06,0.04879163577262765,1.3492169204037022e-06,-0.09750699900264115,0.09752719165883222,0.04872181007191309,0.0024671471334998443
1,24000,96000.0,16,0.09448430095494265,7.244161138529502e-06,2.8976644554118007e-05,2.6916824768303317e-20,1.7657964562279388e-20,0.04736459630749412,3.2538145496455245e-06,0.04736459630749412,3.2538145496455245e-06,-0.09458607046860025,0.0946137726555622,0.04724967994050064,0.003116169588094914
2,36000,144000.0,16,0.09146558086090698,1.3684831625827877e-05,5.473932650331151e-05,-1.4564260954178107e-20,2.6659460007505453e-20,0.04589524257856344,5.123029465904162e-06,0.04589524257856344,5.123029465904162e-06,-0.09168497658815326,0.0916111427861808,0.045742476850078234,0.003537905531001728
3,48000,192000.0,16,0.08845199140699891,2.2082806775047115e-05,8.833122710018846e-05,2.5034529329960434e-20,2.0777193929997078e-20,0.04442667302907134,8.147188260480227e-06,0.04442667302907134,8.147188260480227e-06,-0.08862490413587903,0.08874523186126311,0.04423763074513751,0.003878539576704028
4,60000,240000.0,16,0.0854677292703247,3.073141800945577e-05,0.0001229256720378231,-1.595245383995599e-20,1.5829081576207072e-20,0.04296879795594887,1.1052543463234495e-05,0.04296879795594887,1.1052543463234495e-05,-0.08552814959682233,0.0859160486853012,0.04274770983286229,0.004129568955950792
5,72000,288000.0,16,0.0825380464485326,3.724707100343185e-05,0.0001489882840137274,6.3527471044072525e-21,2.3501920918370815e-20,0.04153310276436636,1.3980133572546947e-05,0.04153310276436636,1.3980133572546947e-05,-0.08262299906725566,0.08288939474160735,0.04128524432122538,0.004306849987716761
6,84000,336000.0,16,0.0796618635803987,4.362856958937197e-05,0.00017451427835748787,-1.4587789647157388e-21,1.7829285314710064e-20,0.04012330895034068,1.7153443251005056e-05,0.04012330895034068,1.7153443251005056e-05,-0.07975039431320889,0.07983984841260951,0.03984950774887662,0.004449858871753648
7,96000,384000.0,16,0.0768599118839334,4.7419450703731594e-05,0.00018967780281492637,-1.5246593050577406e-20,1.909449330768552e-20,0.038743223606523054,1.932890238043234e-05,0.038743223606523054,1.932890238043234e-05,-0.0771302831143229,0.07683645611606413,0.03845045922450462,0.004520739343665174
8,108000,432000.0,16,0.07414055969267724,5.1248972509689784e-05,0.00020499589003875914,4.893968139691513e-21,2.0225116312443682e-20,0.03740297022487396,2.124947600164329e-05,0.03740297022487396,2.124947600164329e-05,-0.0742751270897614,0.07433317613281265,0.03709256664596853,0.004577578503606963
9,120000,480000.0,16,0.07148986646886085,5.560743036503048e-05,0.00022242972146012193,-1.2893723752648793e-20,1.221180419476492e-20,0.03609761109727066,2.3127159443640352e-05,0.03609761109727066,2.3127159443640352e-05,-0.07179200878879406,0.07186712040642271,0.03576899207272537,0.004630250710296922
10,132000,528000.0,16,0.06891706896791845,5.8510955888593615e-05,0.00023404382355437446,-3.764590876685781e-21,2.0334367140938063e-20,0.03483028172781116,2.5436276708403686e-05,0.03483028172781116,2.5436276708403686e-05,-0.06930225597696939,0.0693382119528714,0.03448325073157015,0.004671098690254665
11,144000,576000.0,16,0.06642189828191364,6.194705120202275e-05,0.000247788204808091,1.571716691016313e-20,2.2022467831962534e-20,0.03359867611456038,2.7499342843616526e-05,0.03359867611456038,2.7499342843616526e-05,-0.06697642956897597,0.06697827787047152,0.033236143476644754,0.004682932703303685
12,156000,624000.0,16,0.06399934677398927,6.605958435590015e-05,0.0002642383374236006,-2.804620203130906e-20,1.4191309276252458e-20,0.03240456458306227,2.9627228995562414e-05,0.03240456458306227,2.9627228995562414e-05,-0.06468671809420995,0.06441657973906384,0.03202486730063688,0.004709949587342068
13,168000,672000.0,16,0.06166246453098551,6.801582507277337e-05,0.0002720633002910935,-1.2234920349228781e-20,1.5199268566686073e-20,0.031249560453735364,3.0337288010643764e-05,0.031249560453735364,3.0337288010643764e-05,-0.062140223345588275,0.062116208458583164,0.03085575828047673,0.004710122594201262
14,180000,720000.0,16,0.05939897582527136,7.284137214303842e-05,0.0002913654885721537,-1.1764346489643094e-21,1.6025689700895875e-20,0.03013238639207208,3.092887016582335e-05,0.03013238639207208,3.092887016582335e-05,-0.06004191862385501,0.05999438583653407,0.029724274603385566,0.0047053151381191895
15,192000,768000.0,16,0.057188153573622225,8.184070147723795e-05,0.0003273628059089518,-2.4752185014208998e-20,2.2951439416819224e-20,0.02904285642761404,3.297360592114029e-05,0.02904285642761404,3.297360592114029e-05,-0.05771409890820602,0.057708969009177505,0.02861986167236786,0.004705001613096054
16,204000,816000.0,16,0.05504778417631529,9.189982552151018e-05,0.00036759930208604073,-1.9952331646434632e-20,2.09447979194843e-20,0.027985358923142578,3.595849140204562e-05,0.027985358923142578,3.595849140204562e-05,-0.05545301365202156,0.05544156408401699,0.027549846040049522,0.0046868335729721156
17,216000,864000.0,16,0.05298242691601616,0.00010309190180770132,0.00041236760723080526,9.505591963631592e-21,1.978982500664594e-20,0.02696224096395687,3.970270022758746e-05,0.02696224096395687,3.970270022758746e-05,-0.05326247531395624,0.05340563316336974,0.026518052761613665,0.004650672424899173
18,228000,912000.0,16,0.05098358355831745,0.0001113640786856782,0.0004454563147427128,-4.1504614415460717e-20,1.6239875922017267e-20,0.025970528381171858,4.4101247499369845e-05,0.025970528381171858,4.4101247499369845e-05,-0.05128848723368872,0.051300186893356435,0.025519290337724012,0.00459824515275908
19,240000,960000.0,16,0.04906064425937619,0.00011544584783773072,0.00046178339135092287,-1.4023101015654526e-20,2.1966086682151194e-20,0.0250155458081263,4.659926372535268e-05,0.0250155458081263,4.659926372535268e-05,-0.04932244206600597,0.049538586387624,0.024557730542618908,0.004551278344831056
20,252000,1008000.0,16,0.04719559809758992,0.00011851395713378668,0.0004740558285351467,1.0258510138968748e-20,2.1751048441323288e-20,0.024090916707920323,4.825018244820022e-05,0.024090916707920323,4.825018244820022e-05,-0.04758937531315192,0.047747695346602774,0.023625452491400464,0.004511494471621078
21,264000,1056000.0,16,0.04539996490837298,0.00012246169007498178,0.0004898467602999271,-1.7505347576588875e-20,2.1462295441028917e-20,0.023198860223049837,4.9292182810867784e-05,0.023198860223049837,4.9292182810867784e-05,-0.045847422644123004,0.04588753958082614,0.0227272480277674,0.004462581489107758
22,276000,1104000.0,16,0.04366991751870547,0.00012340401784336662,0.0004936160713734665,1.468190441907454e-20,1.400475031381269e-20,0.022337705429837304,4.9243340363966425e-05,0.022337705429837304,4.9243340363966425e-05,-0.044050922588375424,0.04401069426358121,0.021861822790616072,0.004405010243043388
23,288000,1152000.0,16,0.04199979015962804,0.0001254730428251673,0.0005018921713006692,-8.282099928708714e-21,1.6003127777031427e-20,0.02150696992893862,4.900565085310928e-05,0.02150696992893862,4.900565085310928e-05,-0.0423814559590075,0.042189394043676796,0.02102705564451877,0.004342592211021413
24,300000,1200000.0,16,0.04038544777150135,0.00012789400622833212,0.0005115760249133285,1.2917252445628083e-20,2.3826165716620978e-20,0.02070366715160682,4.9118184001241814e-05,0.02070366715160682,4.9118184001241814e-05,-0.04072662814033772,0.0405497298324391,0.02022108017835366,0.004272323399416413
25,312000,1248000.0,16,0.03883299860956684,0.00013040648305143393,0.0005216259322057357,1.32231254543588e-20,1.5934045956144015e-20,0.01992983441130601,4.918044764542932e-05,0.01992983441130601,4.918044764542932e-05,-0.03927042135780516,0.03903025464975533,0.01944507188084479,0.0042034431365948356
26,324000,1296000.0,16,0.03734255429654104,0.0001321319190626264,0.0005285276762505056,-8.282099928708712e-21,1.640256048902698e-20,0.019184974082920955,4.8948519940054925e-05,0.019184974082920955,4.8948519940054925e-05,-0.037730046244446036,0.037564933209401956,0.01869978524857519,0.0041318830381920696
27,336000,1344000.0,16,0.03590578086585034,0.00013622114841919944,0.0005448845936767978,-2.446984069845757e-20,1.2759316108693221e-20,0.018469977387174874,4.931423571781653e-05,0.018469977387174874,4.931423571781653e-05,-0.03621662672558276,0.036388042095321566,0.017980956884205746,0.0040714534509523085
28,348000,1392000.0,16,0.03451850845511552,0.00014060589084248406,0.0005624235633699363,-2.202285662861181e-20,1.761832552283154e-20,0.017778196267692788,5.068038966110966e-05,0.017778196267692788,5.068038966110966e-05,-0.034943497980515485,0.0350088586102667,0.017286761107169316,0.004007091739677959
29,360000,1440000.0,16,0.03318667315900051,0.0001447294416655717,0.0005789177666622868,1.6752429401251718e-20,1.8176321680504805e-20,0.017111690836024544,5.21956792596329e-05,0.017111690836024544,5.21956792596329e-05,-0.03362522669539267,0.03361079112046928,0.016620106678136584,0.003933676717068919
30,372000,1488000.0,16,0.03190216355567527,0.00014732966844150828,0.0005893186737660331,-2.635213613680046e-21,2.0529277440132708e-20,0.016470223264260682,5.3351929685058224e-05,0.016470223264260682,5.3351929685058224e-05,-0.0323849855445627,0.03232343033054076,0.01597770789662962,0.00386503867097919
31,384000,1536000.0,16,0.030664960328577538,0.0001505591932676455,0.000602236773070582,4.517509052022936e-21,1.341800742778014e-20,0.015852073216416615,5.4721555265831626e-05,0.015852073216416615,5.4721555265831626e-05,-0.031023845507753944,0.031016702896929954,0.015359104771320832,0.0037974688764630723
32,396000,1584000.0,16,0.029473759783030712,0.00015384177114660254,0.0006153670845864102,-9.411477191714445e-21,1.6707037719526478e-20,0.015256305969069642,5.637255453347623e-05,0.015256305969069642,5.637255453347623e-05,-0.029895817880568,0.029763466683888472,0.01476343970913965,0.003727134897149445
33,408000,1632000.0,16,0.028327079775204787,0.00015602906391907277,0.0006241162556762911,-2.39051520669547e-20,1.5717711676847025e-20,0.014684200647852346,5.729957363491647e-05,0.014684200647852346,5.729957363491647e-05,-0.028662012998171796,0.028582906493598417,0.014190043490263773,0.003662516325338496
34,420000,1680000.0,16,0.02722079485294646,0.00015737382030016862,0.0006294952812006745,-1.618774076974885e-20,1.723042455742967e-20,0.014133877726446756,5.772758302067887e-05,0.014133877726446756,5.772758302067887e-05,-0.027503679002200774,0.027529909795860417,0.013637364378128113,0.003602217407888467
35,432000,1728000.0,16,0.026148135832441362,0.00015837720771539539,0.0006335088308615815,-1.2799608980731646e-20,1.5533975016799167e-20,0.013600606689974423,5.8019242967384216e-05,0.013600606689974423,5.8019242967384216e-05,-0.02643816361790916,0.02651649044688054,0.013101170168033128,0.0035432074634419433
36,444000,1776000.0,16,0.02511573653002222,0.0001603131867797834,0.0006412527471191336,-1.1482002173891628e-20,1.6450228343703753e-20,0.013084625824347686,5.881909998382166e-05,0.013084625824347686,5.881909998382166e-05,-0.025349909497466346,0.025558703796819987,0.012584964042467785,0.0034745654184639915
37,456000,1824000.0,16,0.02411396556090506,0.00016122714432926843,0.0006449085773170737,6.399804490365826e-21,1.2915345152108003e-20,0.012584455536850489,5.910013536924068e-05,0.012584455536850489,5.910013536924068e-05,-0.02433647355870497,0.024610138252737085,0.012084286124931525,0.003408758719731327
38,468000,1872000.0,16,0.023149050706152842,0.00016229723676231564,0.0006491889470492626,-8.093870384874427e-21,1.4596308088826313e-20,0.012102904477946628,5.982448536639549e-05,0.012102904477946628,5.982448536639549e-05,-0.02335959479164886,0.02371777404883926,0.01160207961676127,0.00334366841127876
39,480000,1920000.0,16,0.02221818280672075,0.00016294770461403672,0.0006517908184561469,-1.2611379436897361e-20,1.8428752210251876e-20,0.011639562941112461,6.0211720367998695e-05,0.011639562941112461,6.0211720367998695e-05,-0.02252494358517741,0.02278543533298082,0.01113720761731418,0.0032837416896251523
40,492000,1968000.0,16,0.021322524047027787,0.00016336759533511818,0.0006534703813404727,3.57636133285149e-21,1.505138170927369e-20,0.011192688135224513,6.027092646096568e-05,0.011192688135224513,6.027092646096568e-05,-0.021688539306256593,0.021914010408965588,0.010689875493038766,0.003221232446570923
41,504000,2016000.0,16,0.020463191003596632,0.0001627511879996959,0.0006510047519987836,-1.0540854454720182e-20,1.1298790969620725e-20,0.01076394523747326,5.985472497034858e-05,0.01076394523747326,5.985472497034858e-05,-0.020813544831337023,0.02107208064837992,0.010260842154901272,0.003159513946098036
42,516000,2064000.0,16,0.019638820312584772,0.00016120974665263416,0.0006448389866105367,2.244637310223896e-20,1.2456988690003061e-20,0.010351976474608763,5.89718184882819e-05,0.010351976474608763,5.89718184882819e-05,-0.019909323524133576,0.02027191912608384,0.009849283772566362,0.00309711185724062
43,528000,2112000.0,16,0.018845637723985786,0.00015835198387205763,0.0006334079354882305,5.670415008007954e-21,1.583626468216598e-20,0.009953910032841604,5.7385696901354414e-05,0.009953910032841604,5.7385696901354414e-05,-0.018997957863859185,0.019526769052842837,0.00945305012030765,0.0030316716977706695
44,540000,2160000.0,16,0.01808415857860003,0.00015622052463598417,0.0006248820985439367,1.3129010682441655e-20,1.2981738955180815e-20,0.009570595665629199,5.621579532039288e-05,0.009570595665629199,5.621579532039288e-05,-0.018294345487479272,0.01875463369982993,0.009072355674225393,0.00296620530599312
45,552000,2208000.0,16,0.01735232461937458,0.00015473418957585633,0.0006189367583034253,-1.5999511225914562e-20,1.4048112818185844e-20,0.009200676695162441,5.5426182400073636e-05,0.009200676695162441,5.5426182400073636e-05,-0.017475504245421665,0.0180135144916432,0.008706452281394465,0.002897228452290441
46,564000,2256000.0,16,0.016649776676476026,0.0001525940581437514,0.0006103762325750056,2.8234431575143353e-21,1.0645985221729274e-20,0.008846060772195876,5.440531838503444e-05,0.008846060772195876,5.440531838503444e-05,-0.01674343444752114,0.01727064748948646,0.008355137712944927,0.002832522975902232
47,576000,2304000.0,16,0.01597451707606011,0.00015028667044087113,0.0006011466817634845,-3.2093137223746266e-20,1.4130490186659033e-20,0.00850682048949112,5.335281774407147e-05,0.00850682048949112,5.335281774407147e-05,-0.016069508812921667,0.016555081767589498,0.00801774243580708,0.0027725880853865146
48,588000,2352000.0,16,0.015325649509585666,0.00014821936577763656,0.0005928774631105462,1.1764346489643062e-20,1.2455596131627605e-20,0.008181419340405165,5.207405934844854e-05,0.008181419340405165,5.207405934844854e-05,-0.01537878975573556,0.015939161747223988,0.007693180004767478,0.00271546373232617
49,600000,2400000.0,16,0.014699877491818482,0.00014650685836204073,0.0005860274334481629,-2.5410988417629018e-21,1.9042390131533218e-20,0.007867695444280459,5.0869028323027785e-05,0.007867695444280459,5.0869028323027785e-05,-0.01470806270446209,0.015256429949710198,0.007380206899963163,0.002659869910608025
