figure,L,n,k,S_k_L,k_digitized,pdf_x,pdf_top,cluster_count
Yokota et al. 2026 Fig. 3,32,0,0.0000000000000000e+00,4.1262552671996233e-01,2.2101146316028257e-05,90.170500,108.460500,1
Yokota et al. 2026 Fig. 3,32,1,2.7768018363489788e-01,4.0297063495188956e-01,2.7774510575220046e-01,96.453500,112.138000,1
Yokota et al. 2026 Fig. 3,32,2,5.5536036726979576e-01,3.7049843132621851e-01,5.5537970577282214e-01,102.734500,124.506500,1
Yokota et al. 2026 Fig. 3,32,3,8.3304055090469364e-01,3.4703527218787322e-01,8.3305850808607573e-01,109.016500,133.443500,1
Yokota et al. 2026 Fig. 3,32,4,1.1107207345395915e+00,3.2784888223788711e-01,1.1108257149845924e+00,115.300500,140.751500,1
Yokota et al. 2026 Fig. 3,32,5,1.3884009181744894e+00,3.1545176492209143e-01,1.3883498092736342e+00,121.579000,145.473500,1
Yokota et al. 2026 Fig. 3,32,6,1.6660811018093873e+00,3.0311240630619973e-01,1.6661391173184661e+00,127.863500,150.173500,1
Yokota et al. 2026 Fig. 3,32,7,1.9437612854442852e+00,2.8902059622730691e-01,1.9438621219243517e+00,134.146500,155.541000,1
Yokota et al. 2026 Fig. 3,32,8,2.2214414690791831e+00,2.8630462463408557e-01,2.2214525196523414e+00,140.426500,156.575500,1
Yokota et al. 2026 Fig. 3,32,9,2.4991216527140807e+00,2.7515194476167981e-01,2.4991755242582259e+00,146.709500,160.823500,1
Yokota et al. 2026 Fig. 3,32,10,2.7768018363489788e+00,2.6900720671051082e-01,2.7768985288641113e+00,152.992500,163.164000,1
Yokota et al. 2026 Fig. 3,32,11,3.0544820199838769e+00,2.6900720671051082e-01,3.0544889265920996e+00,159.272500,163.164000,1
Yokota et al. 2026 Fig. 3,32,12,3.3321622036187746e+00,2.7781672114362221e-01,3.3321898300516701e+00,165.555000,159.808500,1
Yokota et al. 2026 Fig. 3,32,13,3.6098423872536722e+00,2.6272857349138218e-01,3.6099791380965018e+00,171.839500,165.555500,1
Yokota et al. 2026 Fig. 3,32,14,3.8875225708885703e+00,2.7258955880229457e-01,3.8875253335318596e+00,178.118500,161.799500,1
Yokota et al. 2026 Fig. 3,32,15,4.1652027545234684e+00,2.8117722731986494e-01,4.1652925404303778e+00,184.402500,158.528500,1
Yokota et al. 2026 Fig. 3,32,16,4.4428829381583661e+00,2.7970438047230872e-01,4.4429713427436299e+00,190.684500,159.089500,1
Yokota et al. 2026 Fig. 3,32,17,4.7205631217932638e+00,2.8082017353863920e-01,4.7206059427642515e+00,196.965500,158.664500,1
Yokota et al. 2026 Fig. 3,32,18,4.9982433054281614e+00,2.8770658580448688e-01,4.9982626439311888e+00,203.247000,156.041500,1
Yokota et al. 2026 Fig. 3,32,19,5.2759234890630600e+00,2.8857559169849967e-01,5.2759193450981252e+00,209.528500,155.710500,1
Yokota et al. 2026 Fig. 3,32,20,5.5536036726979576e+00,2.8667874348573763e-01,5.5535981474113791e+00,215.810500,156.433000,1
Yokota et al. 2026 Fig. 3,32,21,5.8312838563328553e+00,2.9005894012785671e-01,5.8313653543098942e+00,222.094500,155.145500,1
Yokota et al. 2026 Fig. 3,32,22,6.1089640399677538e+00,2.8588456136205520e-01,6.1089115497452546e+00,228.373500,156.735500,1
Yokota et al. 2026 Fig. 3,32,23,6.3866442236026515e+00,2.7037109964688433e-01,6.3866787566437715e+00,234.657500,162.644500,1
Yokota et al. 2026 Fig. 3,32,24,6.6643244072375492e+00,2.6481182478110787e-01,6.6644459635422875e+00,240.941500,164.762000,1
Yokota et al. 2026 Fig. 3,32,25,6.9420045908724468e+00,2.5155095236219960e-01,6.9419921589776443e+00,247.220500,169.813000,1
Yokota et al. 2026 Fig. 3,32,26,7.2196847745073445e+00,2.3323750639940130e-01,7.2197593658761621e+00,253.504500,176.788500,1
Yokota et al. 2026 Fig. 3,32,27,7.4973649581422430e+00,2.1747988290736295e-01,7.4974381681894133e+00,259.786500,182.790500,1
Yokota et al. 2026 Fig. 3,32,28,7.7750451417771407e+00,2.0285905564525669e-01,7.7750727682100349e+00,266.067500,188.359500,1
Yokota et al. 2026 Fig. 3,32,29,8.0527253254120392e+00,1.9094238569684543e-01,8.0527073682306565e+00,272.348500,192.898500,1
Yokota et al. 2026 Fig. 3,32,30,8.3304055090469369e+00,1.7297943002664767e-01,8.3305187774218048e+00,278.633500,199.740500,1
Yokota et al. 2026 Fig. 3,32,31,8.6080856926818345e+00,1.6840861654786743e-01,8.6080649728571625e+00,284.912500,201.481500,1
Yokota et al. 2026 Fig. 3,32,32,8.8857658763167322e+00,1.5112826369471913e-01,8.8858100786093654e+00,291.196000,208.063500,2
Yokota et al. 2026 Fig. 3,64,0,0.0000000000000000e+00,4.5291484529857329e-01,2.2101146316028257e-05,90.170500,93.114500,1
Yokota et al. 2026 Fig. 3,64,1,1.3884009181744894e-01,4.2818099476233595e-01,1.3881730001031015e-01,93.310500,102.535500,1
Yokota et al. 2026 Fig. 3,64,2,2.7768018363489788e-01,4.0414024862494913e-01,2.7774510575220046e-01,96.453500,111.692500,1
Yokota et al. 2026 Fig. 3,64,3,4.1652027545234682e-01,3.9191640740886602e-01,4.1654030461619584e-01,99.593500,116.348500,1
Yokota et al. 2026 Fig. 3,64,4,5.5536036726979576e-01,3.6779164861707303e-01,5.5537970577282214e-01,102.734500,125.537500,1
Yokota et al. 2026 Fig. 3,64,5,6.9420045908724470e-01,3.5846099318709890e-01,6.9430751151471237e-01,105.877500,129.091500,1
Yokota et al. 2026 Fig. 3,64,6,8.3304055090469364e-01,3.3793040076661551e-01,8.3305850808607573e-01,109.016500,136.911500,1
Yokota et al. 2026 Fig. 3,64,7,9.7188064272214258e-01,3.4307880124443757e-01,9.7189790924270181e-01,112.157500,134.950500,1
Yokota et al. 2026 Fig. 3,64,8,1.1107207345395915e+00,3.3301566048386055e-01,1.1108257149845924e+00,115.300500,138.783500,1
Yokota et al. 2026 Fig. 3,64,9,1.2495608263570404e+00,3.2340671313616609e-01,1.2495767115559555e+00,118.439500,142.443500,1
Yokota et al. 2026 Fig. 3,64,10,1.3884009181744894e+00,3.1155830346946012e-01,1.3883498092736342e+00,121.579000,146.956500,1
Yokota et al. 2026 Fig. 3,64,11,1.5272410099919385e+00,3.1150710825818140e-01,1.5272776150155245e+00,124.722000,146.976000,1
Yokota et al. 2026 Fig. 3,64,12,1.6660811018093873e+00,3.0541619081374122e-01,1.6661391173184661e+00,127.863500,149.296000,1
Yokota et al. 2026 Fig. 3,64,13,1.8049211936268361e+00,3.0578243347904288e-01,1.8049343161824627e+00,131.003500,149.156500,1
Yokota et al. 2026 Fig. 3,64,14,1.9437612854442852e+00,2.9494480106065968e-01,1.9438621219243517e+00,134.146500,153.284500,1
Yokota et al. 2026 Fig. 3,64,15,2.0826013772617342e+00,2.9461137583848573e-01,2.0826131184957140e+00,137.285500,153.411500,1
Yokota et al. 2026 Fig. 3,64,16,2.2214414690791831e+00,2.8489084918415830e-01,2.2214525196523414e+00,140.426500,157.114000,1
Yokota et al. 2026 Fig. 3,64,17,2.3602815608966319e+00,2.8898515338872915e-01,2.3603803253942317e+00,143.569500,155.554500,1
Yokota et al. 2026 Fig. 3,64,18,2.4991216527140807e+00,2.8310689297575464e-01,2.4991755242582259e+00,146.709500,157.793500,1
Yokota et al. 2026 Fig. 3,64,19,2.6379617445315300e+00,2.7772745769831575e-01,2.6379707231222214e+00,149.849500,159.842500,1
Yokota et al. 2026 Fig. 3,64,20,2.7768018363489788e+00,2.8235077908610001e-01,2.7768985288641113e+00,152.992500,158.081500,1
Yokota et al. 2026 Fig. 3,64,21,2.9156419281664276e+00,2.8267895351737371e-01,2.9156937277281059e+00,156.132500,157.956500,1
Yokota et al. 2026 Fig. 3,64,22,3.0544820199838769e+00,2.7669042649549092e-01,3.0544889265920996e+00,159.272500,160.237500,1
Yokota et al. 2026 Fig. 3,64,23,3.1933221118013257e+00,2.7440108166292559e-01,3.1934167323339917e+00,162.415500,161.109500,1
Yokota et al. 2026 Fig. 3,64,24,3.3321622036187746e+00,2.7378542642985593e-01,3.3321898300516701e+00,165.555000,161.344000,1
Yokota et al. 2026 Fig. 3,64,25,3.4710022954362234e+00,2.6831278961393579e-01,3.4710513323546119e+00,168.696500,163.428500,1
Yokota et al. 2026 Fig. 3,64,26,3.6098423872536722e+00,2.6912928759894461e-01,3.6099791380965018e+00,171.839500,163.117500,1
Yokota et al. 2026 Fig. 3,64,27,3.7486824790711215e+00,2.7319865054673881e-01,3.7487522358141820e+00,174.979000,161.567500,1
Yokota et al. 2026 Fig. 3,64,28,3.8875225708885703e+00,2.7277596187925823e-01,3.8875253335318596e+00,178.118500,161.728500,1
Yokota et al. 2026 Fig. 3,64,29,4.0263626627060196e+00,2.7343493613725578e-01,4.0264531392737499e+00,181.261500,161.477500,1
Yokota et al. 2026 Fig. 3,64,30,4.1652027545234684e+00,2.7620735373265604e-01,4.1652925404303778e+00,184.402500,160.421500,1
Yokota et al. 2026 Fig. 3,64,31,4.3040428463409173e+00,2.8423318762388594e-01,4.3040435370017391e+00,187.541500,157.364500,1
Yokota et al. 2026 Fig. 3,64,32,4.4428829381583661e+00,2.8928838656322620e-01,4.4429713427436299e+00,190.684500,155.439000,1
Yokota et al. 2026 Fig. 3,64,33,4.5817230299758149e+00,2.8606571364811828e-01,4.5817665416076245e+00,193.824500,156.666500,1
Yokota et al. 2026 Fig. 3,64,34,4.7205631217932638e+00,2.8420430827393395e-01,4.7206059427642515e+00,196.965500,157.375500,1
Yokota et al. 2026 Fig. 3,64,35,4.8594032136107126e+00,2.8581630108035022e-01,4.8594011416282461e+00,200.105500,156.761500,1
Yokota et al. 2026 Fig. 3,64,36,4.9982433054281614e+00,3.0102784231874924e-01,4.9982626439311888e+00,203.247000,150.967500,1
Yokota et al. 2026 Fig. 3,64,37,5.1370833972456111e+00,2.8986203546909267e-01,5.1370799439414991e+00,206.387500,155.220500,1
Yokota et al. 2026 Fig. 3,64,38,5.2759234890630600e+00,2.9817403746439308e-01,5.2759193450981252e+00,209.528500,152.054500,1
Yokota et al. 2026 Fig. 3,64,39,5.4147635808805088e+00,2.9091744444006873e-01,5.4148692519863308e+00,212.672000,154.818500,1
Yokota et al. 2026 Fig. 3,64,40,5.5536036726979576e+00,2.9207261843815235e-01,5.5535981474113791e+00,215.810500,154.378500,1
Yokota et al. 2026 Fig. 3,64,41,5.6924437645154065e+00,2.9330392890429130e-01,5.6924375485680061e+00,218.951500,153.909500,1
Yokota et al. 2026 Fig. 3,64,42,5.8312838563328553e+00,2.9139132831882797e-01,5.8313653543098942e+00,222.094500,154.638000,1
Yokota et al. 2026 Fig. 3,64,43,5.9701239481503041e+00,2.9474789640189569e-01,5.9701605531738915e+00,225.234500,153.359500,1
Yokota et al. 2026 Fig. 3,64,44,6.1089640399677538e+00,2.8244266792685646e-01,6.1089115497452546e+00,228.373500,158.046500,1
Yokota et al. 2026 Fig. 3,64,45,6.2478041317852027e+00,2.7884587616009671e-01,6.2478393554871436e+00,231.516500,159.416500,1
Yokota et al. 2026 Fig. 3,64,46,6.3866442236026515e+00,2.7590805865133439e-01,6.3866787566437715e+00,234.657500,160.535500,1
Yokota et al. 2026 Fig. 3,64,47,6.5254843154201003e+00,2.6633586683994287e-01,6.5255181578003967e+00,237.798500,164.181500,1
Yokota et al. 2026 Fig. 3,64,48,6.6643244072375492e+00,2.6444164402263093e-01,6.6644459635422875e+00,240.941500,164.903000,1
Yokota et al. 2026 Fig. 3,64,49,6.8031644990549980e+00,2.6081072211501877e-01,6.8031527578210182e+00,244.079500,166.286000,1
Yokota et al. 2026 Fig. 3,64,50,6.9420045908724468e+00,2.4939156460441864e-01,6.9419921589776443e+00,247.220500,170.635500,1
Yokota et al. 2026 Fig. 3,64,51,7.0808446826898956e+00,2.3646411740768439e-01,7.0809199647195342e+00,250.363500,175.559500,1
Yokota et al. 2026 Fig. 3,64,52,7.2196847745073445e+00,2.3410126150251387e-01,7.2197593658761621e+00,253.504500,176.459500,1
Yokota et al. 2026 Fig. 3,64,53,7.3585248663247942e+00,2.2768479502225039e-01,7.3584882613012104e+00,256.643000,178.903500,1
Yokota et al. 2026 Fig. 3,64,54,7.4973649581422430e+00,2.1985061499888425e-01,7.4974381681894133e+00,259.786500,181.887500,1
Yokota et al. 2026 Fig. 3,64,55,7.6362050499596918e+00,2.1217395870252953e-01,7.6362333670534079e+00,262.926500,184.811500,1
Yokota et al. 2026 Fig. 3,64,56,7.7750451417771407e+00,2.0561047007705546e-01,7.7750727682100349e+00,266.067500,187.311500,1
Yokota et al. 2026 Fig. 3,64,57,7.9138852335945895e+00,1.9393008571916154e-01,7.9140005739519248e+00,269.210500,191.760500,1
Yokota et al. 2026 Fig. 3,64,58,8.0527253254120392e+00,1.8854671234854758e-01,8.0527073682306565e+00,272.348500,193.811000,1
Yokota et al. 2026 Fig. 3,64,59,8.1915654172294872e+00,1.8019401672376903e-01,8.1915909716799149e+00,275.490500,196.992500,1
Yokota et al. 2026 Fig. 3,64,60,8.3304055090469369e+00,1.7452316255135941e-01,8.3305187774218048e+00,278.633500,199.152500,1
Yokota et al. 2026 Fig. 3,64,61,8.4692456008643848e+00,1.7321440291943990e-01,8.4693139762858003e+00,281.773500,199.651000,1
Yokota et al. 2026 Fig. 3,64,62,8.6080856926818345e+00,1.6862389897478330e-01,8.6080649728571625e+00,284.912500,201.399500,1
Yokota et al. 2026 Fig. 3,64,63,8.7469257844992825e+00,1.5958597513750530e-01,8.7469927785990524e+00,288.055500,204.842000,1
Yokota et al. 2026 Fig. 3,64,64,8.8857658763167322e+00,1.5425904776907015e-01,8.8858100786093654e+00,291.196000,206.871000,2
Yokota et al. 2026 Fig. 3,128,0,0.0000000000000000e+00,4.6898882894235960e-01,2.2101146315400107e-05,90.170500,86.992000,1
Yokota et al. 2026 Fig. 3,128,1,6.9420045908724470e-02,4.7360164874834276e-01,6.9508105163577222e-02,91.742500,85.235000,1
Yokota et al. 2026 Fig. 3,128,2,1.3884009181744894e-01,4.4315493771249304e-01,1.3881730001031015e-01,93.310500,96.832000,1
Yokota et al. 2026 Fig. 3,128,3,2.0826013772617341e-01,4.1113036401107927e-01,2.0830330402757136e-01,94.882500,109.030000,1
Yokota et al. 2026 Fig. 3,128,4,2.7768018363489788e-01,4.1125113220178788e-01,2.7774510575220046e-01,96.453500,108.984000,1
Yokota et al. 2026 Fig. 3,128,5,3.4710022954362235e-01,3.9032673046377631e-01,3.4705430059893466e-01,98.021500,116.954000,1
Yokota et al. 2026 Fig. 3,128,6,4.1652027545234682e-01,3.8705023694193941e-01,4.1654030461619584e-01,99.593500,118.202000,1
Yokota et al. 2026 Fig. 3,128,7,4.8594032136107129e-01,3.8350857847963338e-01,4.8598210634082495e-01,101.164500,119.551000,1
Yokota et al. 2026 Fig. 3,128,8,5.5536036726979576e-01,3.7067564551910648e-01,5.5533550348019001e-01,102.733500,124.439000,1
Yokota et al. 2026 Fig. 3,128,9,6.2478041317852018e-01,3.6436682025230060e-01,6.2482150749745113e-01,104.305500,126.842000,1
Yokota et al. 2026 Fig. 3,128,10,6.9420045908724470e-01,3.5996403208233241e-01,6.9426330922208024e-01,105.876500,128.519000,1
Yokota et al. 2026 Fig. 3,128,11,7.6362050499596923e-01,3.5420391446461641e-01,7.6366090865407732e-01,107.446500,130.713000,1
Yokota et al. 2026 Fig. 3,128,12,8.3304055090469364e-01,3.4478399558933559e-01,8.3305850808607573e-01,109.016500,134.301000,1
Yokota et al. 2026 Fig. 3,128,13,9.0246059681341806e-01,3.3777156434187905e-01,9.0258871439596777e-01,110.589500,136.972000,1
Yokota et al. 2026 Fig. 3,128,14,9.7188064272214258e-01,3.2970372412344623e-01,9.7189790924270181e-01,112.157500,140.045000,1
Yokota et al. 2026 Fig. 3,128,15,1.0413006886308671e+00,3.3834127515457024e-01,1.0412955086746989e+00,113.727500,136.755000,1
Yokota et al. 2026 Fig. 3,128,16,1.1107207345395915e+00,3.2718334449126407e-01,1.1108257149845924e+00,115.300500,141.005000,1
Yokota et al. 2026 Fig. 3,128,17,1.1801407804483159e+00,3.2143372845534846e-01,1.1801349098313265e+00,116.868500,143.195000,1
Yokota et al. 2026 Fig. 3,128,18,1.2495608263570404e+00,3.2905262605179908e-01,1.2495767115559551e+00,118.439500,140.293000,1
Yokota et al. 2026 Fig. 3,128,19,1.3189808722657650e+00,3.1781068273408675e-01,1.3190627155732166e+00,120.011500,144.575000,1
Yokota et al. 2026 Fig. 3,128,20,1.3884009181744894e+00,3.0994762336076864e-01,1.3883940115662663e+00,121.580000,147.570000,1
Yokota et al. 2026 Fig. 3,128,21,1.4578209640832138e+00,3.1224221898423443e-01,1.4579242178761582e+00,123.153000,146.696000,1
Yokota et al. 2026 Fig. 3,128,22,1.5272410099919385e+00,3.0937528715262741e-01,1.5273218173081566e+00,124.723000,147.788000,1
Yokota et al. 2026 Fig. 3,128,23,1.5966610559006629e+00,3.1197180325286500e-01,1.5966531133012061e+00,126.291500,146.799000,1
Yokota et al. 2026 Fig. 3,128,24,1.6660811018093873e+00,3.0608041586263934e-01,1.6661391173184674e+00,127.863500,149.043000,1
Yokota et al. 2026 Fig. 3,128,25,1.7355011477181117e+00,3.0168287848357173e-01,1.7355809190430964e+00,129.434500,150.718000,1
Yokota et al. 2026 Fig. 3,128,26,1.8049211936268361e+00,2.9160398535029342e-01,1.8049343161824603e+00,131.003500,154.557000,1
Yokota et al. 2026 Fig. 3,128,27,1.8743412395355608e+00,2.8722745113482706e-01,1.8743761179070906e+00,132.574500,156.224000,1
Yokota et al. 2026 Fig. 3,128,28,1.9437612854442852e+00,2.9107890626025562e-01,1.9438621219243517e+00,134.146500,154.757000,1
Yokota et al. 2026 Fig. 3,128,29,2.0131813313530098e+00,2.9457593299990825e-01,2.0132155190637180e+00,135.715500,153.425000,1
Yokota et al. 2026 Fig. 3,128,30,2.0826013772617342e+00,2.8272489793775202e-01,2.0826131184957153e+00,137.285500,157.939000,1
Yokota et al. 2026 Fig. 3,128,31,2.1520214231704586e+00,2.8914661520891571e-01,2.1521433248056070e+00,138.858500,155.493000,1
Yokota et al. 2026 Fig. 3,128,32,2.2214414690791831e+00,2.9071922708357945e-01,2.2214525196523414e+00,140.426500,154.894000,1
Yokota et al. 2026 Fig. 3,128,33,2.2908615149879075e+00,2.8599088987778776e-01,2.2908501190843387e+00,141.996500,156.695000,1
Yokota et al. 2026 Fig. 3,128,34,2.3602815608966319e+00,2.7709605009254534e-01,2.3603803253942317e+00,143.569500,160.083000,1
Yokota et al. 2026 Fig. 3,128,35,2.4297016068053563e+00,2.8919124693156911e-01,2.4297116213872814e+00,145.138000,155.476000,1
Yokota et al. 2026 Fig. 3,128,36,2.4991216527140807e+00,2.8087661954081833e-01,2.4991755242582259e+00,146.709500,158.643000,1
Yokota et al. 2026 Fig. 3,128,37,2.5685416986228056e+00,2.8334449126399675e-01,2.5686615282754870e+00,148.281500,157.703000,1
Yokota et al. 2026 Fig. 3,128,38,2.6379617445315300e+00,2.8708567978051691e-01,2.6379707231222214e+00,149.849500,156.278000,1
Yokota et al. 2026 Fig. 3,128,39,2.7073817904402544e+00,2.7858464931280291e-01,2.7074567271394825e+00,151.421500,159.516000,1
Yokota et al. 2026 Fig. 3,128,40,2.7768018363489788e+00,2.8162748263957271e-01,2.7768985288641113e+00,152.992500,158.357000,1
Yokota et al. 2026 Fig. 3,128,41,2.8462218822577032e+00,2.8084248939996603e-01,2.8462077237108461e+00,154.560500,158.656000,1
Yokota et al. 2026 Fig. 3,128,42,2.9156419281664276e+00,2.7407947072027738e-01,2.9156937277281059e+00,156.132500,161.232000,1
Yokota et al. 2026 Fig. 3,128,43,2.9850619740751521e+00,2.7686238989747824e-01,2.9851355294527360e+00,157.703500,160.172000,1
Yokota et al. 2026 Fig. 3,128,44,3.0544820199838769e+00,2.7851901442654792e-01,3.0544889265920996e+00,159.272500,159.541000,1
Yokota et al. 2026 Fig. 3,128,45,3.1239020658926013e+00,2.7524252090471135e-01,3.1239528294630454e+00,160.844000,160.789000,1
Yokota et al. 2026 Fig. 3,128,46,3.1933221118013257e+00,2.7035140918100781e-01,3.1934167323339917e+00,162.415500,162.652000,1
Yokota et al. 2026 Fig. 3,128,47,3.2627421577100502e+00,2.7662347891151096e-01,3.2627701294733562e+00,163.984500,160.263000,1
Yokota et al. 2026 Fig. 3,128,48,3.3321622036187746e+00,2.7167198309245333e-01,3.3321898300516701e+00,165.555000,162.149000,1
Yokota et al. 2026 Fig. 3,128,49,3.4015822495274990e+00,2.8211843158875816e-01,3.4016537329226160e+00,167.126500,158.170000,1
Yokota et al. 2026 Fig. 3,128,50,3.4710022954362234e+00,2.8121792094934295e-01,3.4710513323546128e+00,168.696500,158.513000,1
Yokota et al. 2026 Fig. 3,128,51,3.5404223413449478e+00,2.6839548957061649e-01,3.5404489317866101e+00,170.266500,163.397000,1
Yokota et al. 2026 Fig. 3,128,52,3.6098423872536722e+00,2.7124404363407240e-01,3.6099791380965032e+00,171.839500,162.312000,1
Yokota et al. 2026 Fig. 3,128,53,3.6792624331623971e+00,2.7629005368933701e-01,3.6792883329432362e+00,173.407500,160.390000,1
Yokota et al. 2026 Fig. 3,128,54,3.7486824790711215e+00,2.7471219102377303e-01,3.7487522358141820e+00,174.979000,160.991000,1
Yokota et al. 2026 Fig. 3,128,55,3.8181025249798459e+00,2.7337061394872619e-01,3.8182161386851265e+00,176.550500,161.502000,1
Yokota et al. 2026 Fig. 3,128,56,3.8875225708885703e+00,2.7859515089460368e-01,3.8875253335318605e+00,178.118500,159.512000,1
Yokota et al. 2026 Fig. 3,128,57,3.9569426167972948e+00,2.7345987739403266e-01,3.9569892364028054e+00,179.690000,161.468000,1
Yokota et al. 2026 Fig. 3,128,58,4.0263626627060196e+00,2.8217619028866220e-01,4.0264531392737508e+00,181.261500,158.148000,1
Yokota et al. 2026 Fig. 3,128,59,4.0957827086147436e+00,2.7854789377650019e-01,4.0957623341204838e+00,182.829500,159.530000,1
Yokota et al. 2026 Fig. 3,128,60,4.1652027545234684e+00,2.7802281468646217e-01,4.1652925404303778e+00,184.402500,159.730000,1
Yokota et al. 2026 Fig. 3,128,61,4.2346228004321924e+00,2.8471494768899558e-01,4.2346901398623746e+00,185.972500,157.181000,1
Yokota et al. 2026 Fig. 3,128,62,4.3040428463409173e+00,2.7805431943186454e-01,4.3040435370017391e+00,187.541500,159.718000,1
Yokota et al. 2026 Fig. 3,128,63,4.3734628922496412e+00,2.7520051457750838e-01,4.3735295410190016e+00,189.113500,160.805000,1
Yokota et al. 2026 Fig. 3,128,64,4.4428829381583661e+00,2.8121792094934295e-01,4.4429713427436308e+00,190.684500,158.513000,1
Yokota et al. 2026 Fig. 3,128,65,4.5123029840670910e+00,2.7441289594245133e-01,4.5123247398829944e+00,192.253500,161.105000,1
Yokota et al. 2026 Fig. 3,128,66,4.5817230299758149e+00,2.8458367791648620e-01,4.5817665416076245e+00,193.824500,157.231000,1
Yokota et al. 2026 Fig. 3,128,67,4.6511430758845398e+00,2.8427388125336372e-01,4.6510757364543593e+00,195.392500,157.349000,1
Yokota et al. 2026 Fig. 3,128,68,4.7205631217932638e+00,2.9022565273894385e-01,4.7206059427642524e+00,196.965500,155.082000,1
Yokota et al. 2026 Fig. 3,128,69,4.7899831677019886e+00,2.8547893776500088e-01,4.7900035421962501e+00,198.535500,156.890000,1
Yokota et al. 2026 Fig. 3,128,70,4.8594032136107126e+00,2.8563383609656201e-01,4.8594011416282461e+00,200.105500,156.831000,1
Yokota et al. 2026 Fig. 3,128,71,4.9288232595194374e+00,2.9386707622835684e-01,4.9288429433528753e+00,201.676500,153.695000,1
Yokota et al. 2026 Fig. 3,128,72,4.9982433054281614e+00,2.8220506963861447e-01,4.9982626439311888e+00,203.247000,158.137000,1
Yokota et al. 2026 Fig. 3,128,73,5.0676633513368863e+00,2.9745861720421640e-01,5.0676381422168717e+00,204.816500,152.327000,1
Yokota et al. 2026 Fig. 3,128,74,5.1370833972456111e+00,2.8923850404967255e-01,5.1370799439415000e+00,206.387500,155.458000,1
Yokota et al. 2026 Fig. 3,128,75,5.2065034431543351e+00,2.8740860342089036e-01,5.2065659479587598e+00,207.959500,156.155000,1
Yokota et al. 2026 Fig. 3,128,76,5.2759234890630600e+00,2.8821197442864821e-01,5.2759193450981270e+00,209.528500,155.849000,1
Yokota et al. 2026 Fig. 3,128,77,5.3453435349717839e+00,2.9523490725790580e-01,5.3453611468227562e+00,211.099500,153.174000,1
Yokota et al. 2026 Fig. 3,128,78,5.4147635808805088e+00,2.9224458184013974e-01,5.4148692519863335e+00,212.672000,154.313000,1
Yokota et al. 2026 Fig. 3,128,79,5.4841836267892328e+00,2.8720644797122574e-01,5.4841784468330665e+00,214.240000,156.232000,1
Yokota et al. 2026 Fig. 3,128,80,5.5536036726979576e+00,2.9641108441959074e-01,5.5535981474113800e+00,215.810500,152.726000,1
Yokota et al. 2026 Fig. 3,128,81,5.6230237186066825e+00,2.8852702188267099e-01,5.6231283537212722e+00,217.383500,155.729000,1
Yokota et al. 2026 Fig. 3,128,82,5.6924437645154065e+00,2.9461006314076055e-01,5.6924375485680061e+00,218.951500,153.412000,1
Yokota et al. 2026 Fig. 3,128,83,5.7618638104241313e+00,2.8985022118956666e-01,5.7618793502926335e+00,220.522500,155.225000,1
Yokota et al. 2026 Fig. 3,128,84,5.8312838563328553e+00,2.9118392207826316e-01,5.8313653543098978e+00,222.094500,154.717000,1
Yokota et al. 2026 Fig. 3,128,85,5.9007039022415801e+00,2.9353365100618284e-01,5.9006745491566299e+00,223.662500,153.822000,1
Yokota et al. 2026 Fig. 3,128,86,5.9701239481503041e+00,2.8269076779689944e-01,5.9701605531738915e+00,225.234500,157.952000,1
Yokota et al. 2026 Fig. 3,128,87,6.0395439940590290e+00,2.9408235865527232e-01,6.0396023548985198e+00,226.805500,153.613000,1
Yokota et al. 2026 Fig. 3,128,88,6.1089640399677538e+00,2.9149371874138530e-01,6.1089115497452546e+00,228.373500,154.599000,1
Yokota et al. 2026 Fig. 3,128,89,6.1783840858764778e+00,2.8425025269431226e-01,6.1783975537625153e+00,229.945500,157.358000,1
Yokota et al. 2026 Fig. 3,128,90,6.2478041317852027e+00,2.7680725659302441e-01,6.2478393554871436e+00,231.516500,160.193000,1
Yokota et al. 2026 Fig. 3,128,91,6.3172241776939266e+00,2.7898370942123152e-01,6.3172148537728257e+00,233.086000,159.364000,1
Yokota et al. 2026 Fig. 3,128,92,6.3866442236026515e+00,2.7962168051562775e-01,6.3866787566437715e+00,234.657500,159.121000,1
Yokota et al. 2026 Fig. 3,128,93,6.4560642695113755e+00,2.6983158088187031e-01,6.4561426595147164e+00,236.229000,162.850000,1
Yokota et al. 2026 Fig. 3,128,94,6.5254843154201003e+00,2.6780740098977418e-01,6.5255181578003985e+00,237.798500,163.621000,1
Yokota et al. 2026 Fig. 3,128,95,6.5949043613288243e+00,2.6544717048005362e-01,6.5949157572323953e+00,239.368500,164.520000,1
Yokota et al. 2026 Fig. 3,128,96,6.6643244072375492e+00,2.6102075375103373e-01,6.6644459635422875e+00,240.941500,166.206000,1
Yokota et al. 2026 Fig. 3,128,97,6.7337444531462740e+00,2.5795691726066228e-01,6.7337551583890205e+00,242.509500,167.373000,1
Yokota et al. 2026 Fig. 3,128,98,6.8031644990549980e+00,2.5310781186416198e-01,6.8031527578210182e+00,244.079500,169.220000,1
Yokota et al. 2026 Fig. 3,128,99,6.8725845449637228e+00,2.5944814187637033e-01,6.8726829641309122e+00,245.652500,166.805000,1
Yokota et al. 2026 Fig. 3,128,100,6.9420045908724468e+00,2.4974730568791928e-01,6.9419921589776443e+00,247.220500,170.500000,1
Yokota et al. 2026 Fig. 3,128,101,7.0114246367811717e+00,2.4916446789797722e-01,7.0114339607022726e+00,248.791500,170.722000,1
Yokota et al. 2026 Fig. 3,128,102,7.0808446826898956e+00,2.4651806928418593e-01,7.0809199647195360e+00,250.363500,171.730000,1
Yokota et al. 2026 Fig. 3,128,103,7.1502647285986205e+00,2.3685398863203788e-01,7.1502291595662699e+00,251.931500,175.411000,1
Yokota et al. 2026 Fig. 3,128,104,7.2196847745073445e+00,2.3269536223893728e-01,7.2197593658761621e+00,253.504500,176.995000,1
Yokota et al. 2026 Fig. 3,128,105,7.2891048204160693e+00,2.3083658226020304e-01,7.2891790664544764e+00,255.075000,177.703000,1
Yokota et al. 2026 Fig. 3,128,106,7.3585248663247942e+00,2.2318617991835032e-01,7.3584882613012104e+00,256.643000,180.617000,1
Yokota et al. 2026 Fig. 3,128,107,7.4279449122335182e+00,2.2242481523779511e-01,7.4279963664647859e+00,258.215500,180.907000,1
Yokota et al. 2026 Fig. 3,128,108,7.4973649581422430e+00,2.1677496422898712e-01,7.4974381681894133e+00,259.786500,183.059000,1
Yokota et al. 2026 Fig. 3,128,109,7.5667850040509670e+00,2.1207025558224712e-01,7.5667915653287796e+00,261.355500,184.851000,1
Yokota et al. 2026 Fig. 3,128,110,7.6362050499596918e+00,2.1115136717468067e-01,7.6362333670534106e+00,262.926500,185.201000,1
Yokota et al. 2026 Fig. 3,128,111,7.7056250958684158e+00,2.1199674450964176e-01,7.7057193710706713e+00,264.498500,184.879000,1
Yokota et al. 2026 Fig. 3,128,112,7.7750451417771407e+00,2.0581918901534557e-01,7.7750727682100349e+00,266.067500,187.232000,1
Yokota et al. 2026 Fig. 3,128,113,7.8444651876858655e+00,1.9970201761640349e-01,7.8444703676420326e+00,267.637500,189.562000,1
Yokota et al. 2026 Fig. 3,128,114,7.9138852335945895e+00,1.9708449835256447e-01,7.9140005739519266e+00,269.210500,190.559000,1
Yokota et al. 2026 Fig. 3,128,115,7.9833052795033144e+00,1.9159217107076770e-01,7.9833097687986605e+00,270.778500,192.651000,1
Yokota et al. 2026 Fig. 3,128,116,8.0527253254120392e+00,1.8976752123288573e-01,8.0527073682306565e+00,272.348500,193.346000,1
Yokota et al. 2026 Fig. 3,128,117,8.1221453713207623e+00,1.8517570459050392e-01,8.1222375745405486e+00,273.921500,195.095000,1
Yokota et al. 2026 Fig. 3,128,118,8.1915654172294872e+00,1.7609446172829793e-01,8.1915909716799149e+00,275.490500,198.554000,1
Yokota et al. 2026 Fig. 3,128,119,8.2609854631382120e+00,1.7667204872733974e-01,8.2610327734045459e+00,277.061500,198.334000,1
Yokota et al. 2026 Fig. 3,128,120,8.3304055090469369e+00,1.7517294792528135e-01,8.3305187774218066e+00,278.633500,198.905000,1
Yokota et al. 2026 Fig. 3,128,121,8.3998255549556617e+00,1.7258430801139435e-01,8.3998279722685396e+00,280.201500,199.891000,1
Yokota et al. 2026 Fig. 3,128,122,8.4692456008643848e+00,1.7088042636422124e-01,8.4693139762858003e+00,281.773500,200.540000,1
Yokota et al. 2026 Fig. 3,128,123,8.5386656467731097e+00,1.7023195368802418e-01,8.5387557780104295e+00,283.344500,200.787000,1
Yokota et al. 2026 Fig. 3,128,124,8.6080856926818345e+00,1.6656952703500966e-01,8.6080649728571643e+00,284.912500,202.182000,1
Yokota et al. 2026 Fig. 3,128,125,8.6775057385905594e+00,1.5903726748841537e-01,8.6775730780207407e+00,286.485000,205.051000,1
Yokota et al. 2026 Fig. 3,128,126,8.7469257844992825e+00,1.6195145643812595e-01,8.7469927785990524e+00,288.055500,203.941000,1
Yokota et al. 2026 Fig. 3,128,127,8.8163458304080073e+00,1.5631998319746912e-01,8.8163461757384205e+00,289.624500,206.086000,1
Yokota et al. 2026 Fig. 3,128,128,8.8857658763167322e+00,1.5389411780149392e-01,8.8858100786093654e+00,291.196000,207.010000,2
